1366128000,38.8717515,-77.011970,0,0,0,0,0,0,1,0,
1370448000,38.949006,-77.03527490,0,0,0,0,0,1,0,0,
1373299200,38.9221594,-77.04286490,0,0,0,0,0,1,0,0,
1365436800,38.92044165,-77.04022953459930,0,0,0,0,0,1,0,0,
1361984400,38.8987033,-77.05423280,0,0,0,0,0,1,0,0,
1361984400,38.9173421640827,-76.97956521900390,0,0,0,0,0,1,0,0,
1381420800,38.872321,-76.9675820,0,0,0,0,0,1,0,0,
1375286400,38.92775665,-76.99641796626830,0,0,0,0,0,0,1,0,
1357754340,38.92244985,-76.99367101849611,0,0,0,0,0,0,0,0,
1364047200,38.9594167,-77.08561721,0,0,0,0,0,0,0,0,
1376928000,38.921568,-77.0320580,0,0,0,0,0,1,0,0,
1368460800,38.915694,-77.0240730,0,0,0,0,0,1,0,0,
1378809780,38.9146447,-77.01443330,0,0,1,0,0,0,0,0,
1384362000,38.87777,-77.0197870,0,0,0,0,0,1,0,0,
1377532800,38.9226364,-77.03739180,0,0,0,0,0,1,0,0,
1357060500,38.886043,-76.99686690,0,1,0,0,0,0,0,0,
1357062600,38.8990958,-76.98995354718830,0,0,1,0,0,0,0,0,
1357060680,38.8870869,-76.95231040,0,1,0,0,0,0,0,0,
1357024200,38.8358957,-76.9942615311810,1,0,0,0,0,0,0,0,
1357021680,38.9266386,-76.99634510,0,0,0,0,1,0,0,0,
1357027200,38.9003748,-76.99002721,0,0,0,0,0,0,0,0,
1357025040,38.9053158,-77.03343610,0,0,0,0,1,0,0,0,
1357027800,38.86038,-76.9848050,0,0,0,0,1,0,0,0,
1357029060,38.934138,-77.0193011,0,0,0,0,0,0,0,0,
1357029900,38.91476,-76.98391790,1,0,0,0,0,0,0,0,
1357029480,38.9191265,-77.03984620,0,1,0,0,0,0,0,0,
1357032180,38.829082,-77.0004620,0,0,0,0,1,0,0,0,
1357028820,38.8858259,-76.95728486853410,0,0,1,0,0,0,0,0,
1357029060,38.902519,-77.01617590,0,0,0,0,1,0,0,0,
1357030560,38.906429,-77.0386010,0,0,0,0,0,1,0,0,
1357043400,38.904985,-77.0112870,0,1,0,0,0,0,0,0,
1357025760,38.927645,-77.0274270,0,0,0,0,0,1,0,0,
1357044660,38.917678,-77.0220550,1,0,0,0,0,0,0,0,
1357050420,38.901327,-77.00203591,0,0,0,0,0,0,0,0,
1357050360,38.907372,-77.0417890,1,0,0,0,0,0,0,0,
1357050720,38.9020951,-76.94429170,0,0,1,0,0,0,0,0,
1357052340,38.9244996,-77.03938071,0,0,0,0,0,0,0,0,
1357055820,38.919779,-76.98106690,1,0,0,0,0,0,0,0,
1357051200,38.875547,-76.9587540,0,0,1,0,0,0,0,0,
1357056000,38.9167716,-77.02994451,0,0,0,0,0,0,0,0,
1357057920,38.91098545,-77.02989013562090,1,0,0,0,0,0,0,0,
1357063020,38.8684374,-76.97716575499010,0,0,1,0,0,0,0,0,
1357063080,38.911141,-77.00940190,1,0,0,0,0,0,0,0,
1357020720,38.90099,-77.0240841,0,0,0,0,0,0,0,0,
1357020900,38.8853842,-76.95957467464351,0,0,0,0,0,0,0,0,
1357025160,38.94433005,-77.020307151,0,0,0,0,0,0,0,0,
1357024680,38.9022302,-77.04208750,1,0,0,0,0,0,0,0,
1357026480,38.9117955,-77.03194920,1,0,0,0,0,0,0,0,
1357028940,38.925474,-77.0528530,0,0,0,1,0,0,0,0,
1357030380,38.9080067,-77.04255451,0,0,0,0,0,0,0,0,
1357058700,38.92743195,-77.00620132522940,0,0,0,1,0,0,0,0,
1357036500,38.8636305,-76.97093832484370,0,0,0,0,0,0,0,1,
1357028880,38.9289784,-77.032911,0,0,0,0,0,0,0,0,
1357036800,38.878076,-76.99497390,1,0,0,0,0,0,0,0,
1357032300,38.872037,-77.01514790,0,0,1,0,0,0,0,0,
1357042680,38.899032,-76.9916321,0,0,0,0,0,0,0,0,
1357044960,38.9026243,-77.01892760,0,0,1,0,0,0,0,0,
1357046640,38.900614,-77.0534650,0,0,1,0,0,0,0,0,
1357047600,38.9381198,-77.02457871,0,0,0,0,0,0,0,0,
1357049160,38.909568,-77.0321121,0,0,0,0,0,0,0,0,
1357120800,38.8953419,-76.9504241,0,0,0,0,0,0,0,0,
1357049460,38.93966,-77.0251210,0,0,0,0,1,0,0,0,
1357052400,38.920791,-77.04222771,0,0,0,0,0,0,0,0,
1357058880,38.863394,-76.9929990,1,0,0,0,0,0,0,0,
1357108740,38.907215,-76.9833381,0,0,0,0,0,0,0,0,
1357146600,38.8997323,-76.94259780,0,0,1,0,0,0,0,0,
1357106580,38.9069957,-77.03600510,1,0,0,0,0,0,0,0,
1357110000,38.919481,-76.9710090,1,0,0,0,0,0,0,0,
1357111800,38.905729,-77.0093690,0,1,0,0,0,0,0,0,
1357113840,38.920169,-76.9704520,1,0,0,0,0,0,0,0,
1357114680,38.920169,-76.9704520,1,0,0,0,0,0,0,0,
1357116420,38.9092901,-76.9774140,1,0,0,0,0,0,0,0,
1357112220,38.919481,-76.9710090,1,0,0,0,0,0,0,0,
1357113660,38.9181065,-77.00694790,1,0,0,0,0,0,0,0,
1357117440,38.9181065,-77.00694790,1,0,0,0,0,0,0,0,
1357116180,38.897536,-76.98570109923880,0,0,0,1,0,0,0,0,
1357128900,38.93307575,-76.98475947371260,1,0,0,0,0,0,0,0,
1357128960,38.934555,-77.0710410,1,0,0,0,0,0,0,0,
1357128600,38.8947972,-77.02399120,0,0,0,1,0,0,0,0,
1357132440,38.89214,-76.9884240,0,0,0,1,0,0,0,0,
1357131720,38.905764,-77.0260880,1,0,0,0,0,0,0,0,
1357134360,38.910386,-77.03455590,1,0,0,0,0,0,0,0,
1357137000,38.941019,-77.01793690,0,0,0,0,1,0,0,0,
1357140000,38.9065465,-77.04379161,0,0,0,0,0,0,0,0,
1357136340,38.9509321,-77.03822471,0,0,0,0,0,0,0,0,
1357136760,38.902648,-77.0395481,0,0,0,0,0,0,0,0,
1357135200,38.911942,-77.0090540,1,0,0,0,0,0,0,0,
1357138800,38.8986274,-77.02218851,0,0,0,0,0,0,0,0,
1357136400,38.9069957,-77.03600510,0,0,1,0,0,0,0,0,
1357142100,38.934086,-77.0414460,1,0,0,0,0,0,0,0,
1357142760,38.9069957,-77.03600510,0,0,1,0,0,0,0,0,
1357140540,38.848762,-77.0021731,0,0,0,0,0,0,0,0,
1357140480,38.903648,-77.0089071,0,0,0,0,0,0,0,0,
1357232400,38.9022524,-77.02193840,0,0,0,0,0,1,0,0,
1357146000,38.89163115,-76.93864931226460,0,1,0,0,0,0,0,0,
1357145880,38.907363,-77.0260931,0,0,0,0,0,0,0,0,
1357144740,38.8363094,-76.98195630,0,1,0,0,0,0,0,0,
1357147500,38.92675545,-77.02315699973171,0,0,0,0,0,0,0,0,
1357149480,38.918812245405,-77.02200420726610,0,1,0,0,0,0,0,0,
1357148160,38.9283807,-77.01367267111111,0,0,0,0,0,0,0,0,
1357106400,38.906392,-77.0122671,0,0,0,0,0,0,0,0,
1357110600,38.9069957,-77.03600511,0,0,0,0,0,0,0,0,
1357110060,38.925103,-76.98528674900330,0,0,0,1,0,0,0,0,
1357112400,38.9025635,-77.05292350,1,0,0,0,0,0,0,0,
1357114800,38.860347,-76.9880140,0,1,0,0,0,0,0,0,
1357148460,38.8547397699562,-76.98443404060280,0,0,1,0,0,0,0,0,
1357114500,38.902647,-77.0435651,0,0,0,0,0,0,0,0,
1357112700,38.893561,-76.95750731,0,0,0,0,0,0,0,0,
1357112580,38.881269,-76.99618090,0,0,1,0,0,0,0,0,
1357115400,38.9364367,-77.07114232250,1,0,0,0,0,0,0,0,
1357114560,38.9149245,-77.04184741,0,0,0,0,0,0,0,0,
1357116600,38.949006,-77.03527491,0,0,0,0,0,0,0,0,
1357117200,38.9003545,-77.00955861,0,0,0,0,0,0,0,0,
1357115880,38.899969,-77.0168021,0,0,0,0,0,0,0,0,
1357116840,38.9013242,-77.00346210,1,0,0,0,0,0,0,0,
1357119060,38.88155135,-76.98779432145450,1,0,0,0,0,0,0,0,
1357120320,38.91543325,-77.02996459136780,1,0,0,0,0,0,0,0,
1357121820,38.8797148398615,-76.98724466486681,0,0,0,0,0,0,0,0,
1357118340,38.908488,-77.0153410,0,0,1,0,0,0,0,0,
1357125360,38.88155135,-76.98779432145450,1,0,0,0,0,0,0,0,
1357117500,38.8926027,-76.95206620,0,0,0,0,1,0,0,0,
1357122960,38.8934537333333,-76.95052121,0,0,0,0,0,0,0,0,
1357123560,38.91724725,-77.03690376756550,0,0,1,0,0,0,0,0,
1357125180,38.9002011,-76.98180821,0,0,0,0,0,0,0,0,
1357124400,38.829066,-76.9961450,0,0,1,0,0,0,0,0,
1357132800,38.909767,-77.0230460,0,0,1,0,0,0,0,0,
1357123740,38.9002586,-77.04456011,0,0,0,0,0,0,0,0,
1357124820,38.9594167,-77.08561721,0,0,0,0,0,0,0,0,
1357127160,38.920791,-77.04222771,0,0,0,0,0,0,0,0,
1357127820,38.949006,-77.03527491,0,0,0,0,0,0,0,0,
1357130700,38.884271,-76.99617490,1,0,0,0,0,0,0,0,
1357126980,38.911046,-77.032110,1,0,0,0,0,0,0,0,
1357131900,38.949006,-77.03527491,0,0,0,0,0,0,0,0,
1357133160,38.892802,-76.947351,0,0,0,0,0,0,0,0,
1357135200,38.9002151,-77.01105931,0,0,0,0,0,0,0,0,
1357134120,38.9002586,-77.04456011,0,0,0,0,0,0,0,0,
1357135740,38.9381198,-77.02457870,1,0,0,0,0,0,0,0,
1357134900,38.947899,-77.07257790,1,0,0,0,0,0,0,0,
1357138980,38.91197,-77.0382251,0,0,0,0,0,0,0,0,
1357140600,38.896992,-76.9771281,0,0,0,0,0,0,0,0,
1357138800,38.9029331060606,-76.98134900505050,0,0,1,0,0,0,0,0,
1357141620,38.8717662,-77.013460,0,0,0,0,1,0,0,0,
1357192800,38.887731,-76.9546840,0,0,1,0,0,0,0,0,
1357234680,38.9240941,-77.03781740,0,1,0,0,0,0,0,0,
1357196400,38.923341,-77.0354140,0,0,1,0,0,0,0,0,
1357192860,38.86931,-76.982007650,0,0,0,1,0,0,0,0,
1357199580,38.944034,-77.0218790,0,1,0,0,0,0,0,0,
1357198140,38.9381198,-77.02457870,0,0,0,0,1,0,0,0,
1357212600,38.9499487,-77.070096650,1,0,0,0,0,0,0,0,
1357219200,38.9077016,-77.07034210,1,0,0,0,0,0,0,0,
1357218960,38.8947972,-77.02399121,0,0,0,0,0,0,0,0,
1357225680,38.9391131,-77.03644310,1,0,0,0,0,0,0,0,
1357221240,38.921842,-76.974320,1,0,0,0,0,0,0,0,
1357222980,38.8698929,-76.96019560,1,0,0,0,0,0,0,0,
1357225200,38.922427,-77.02970490,0,0,0,1,0,0,0,0,
1357223940,38.9437081,-76.98956280690721,0,0,0,0,0,0,0,0,
1357226160,38.9289784,-77.032911,0,0,0,0,0,0,0,0,
1357224360,38.8327095535033,-77.00045536610231,0,0,0,0,0,0,0,0,
1357228200,38.92244985,-76.99367101849611,0,0,0,0,0,0,0,0,
1357226760,38.926195,-77.0122961,0,0,0,0,0,0,0,0,
1357228740,38.862123,-76.97136360,0,0,1,0,0,0,0,0,
1357227780,38.8994059,-76.97099981,0,0,0,0,0,0,0,0,
1357230600,38.9382,-77.03350,0,0,1,0,0,0,0,0,
1357232340,38.899969,-77.0168021,0,0,0,0,0,0,0,0,
1357231860,38.8941371359909,-77.022021,0,0,0,0,0,0,0,0,
1357232400,38.9167985,-77.03707181,0,0,0,0,0,0,0,0,
1357233180,38.92789,-77.020730,1,0,0,0,0,0,0,0,
1357195020,38.8947972,-77.02399120,1,0,0,0,0,0,0,0,
1357196880,38.9050253,-77.07015820,1,0,0,0,0,0,0,0,
1357200000,38.9073718,-77.00915011,0,0,0,0,0,0,0,0,
1357201080,38.8969623,-77.00799260,0,0,0,1,0,0,0,0,
1357200180,38.897253,-77.0190860,1,0,0,0,0,0,0,0,
1357203240,38.924503,-76.97899691,0,0,0,0,0,0,0,0,
1357204620,38.897383,-77.0091681,0,0,0,0,0,0,0,0,
1357204740,38.958405,-77.05778791,0,0,0,0,0,0,0,0,
1357201560,38.9594167,-77.08561721,0,0,0,0,0,0,0,0,
1357200360,38.8950082,-77.0302060,1,0,0,0,0,0,0,0,
1357205580,38.9119934,-77.03223621,0,0,0,0,0,0,0,0,
1357205700,38.880196,-76.982140,1,0,0,0,0,0,0,0,
1357206780,38.914878,-77.0188220,1,0,0,0,0,0,0,0,
1357207860,38.94089105,-76.99468445026230,0,0,1,0,0,0,0,0,
1357208820,38.9119352,-77.04166751,0,0,0,0,0,0,0,0,
1357211880,38.9124491,-77.0420480,1,0,0,0,0,0,0,0,
1357213500,38.884353,-76.9982940,1,0,0,0,0,0,0,0,
1357210800,38.931149,-77.03290,1,0,0,0,0,0,0,0,
1357219800,38.90659055,-76.9872658874790,0,1,0,0,0,0,0,0,
1357219500,38.9168491,-77.03872051,0,0,0,0,0,0,0,0,
1357217760,38.887616,-76.95298290,0,0,0,0,1,0,0,0,
1357219320,38.928553,-77.0298661,0,0,0,0,0,0,0,0,
1357221600,38.8314114,-76.99899570,0,1,0,0,0,0,0,0,
1357220220,38.903943,-77.040561,0,0,0,0,0,0,0,0,
1357221420,38.905591,-76.9911190,0,0,1,0,0,0,0,0,
1357223400,38.8950082,-77.0302061,0,0,0,0,0,0,0,0,
1357232400,38.9381198,-77.02457870,0,0,0,0,0,1,0,0,
1357228800,38.894901,-76.9763231,0,0,0,0,0,0,0,0,
1357228860,38.915694,-77.0240731,0,0,0,0,0,0,0,0,
1357319460,38.91543325,-77.02996459136780,0,1,0,0,0,0,0,0,
1357320060,38.89080445,-76.95528099763210,0,0,0,0,1,0,0,0,
1357320360,38.9148091,-77.08495340,0,0,1,0,0,0,0,0,
1357280880,38.9381198,-77.02457870,0,0,0,0,1,0,0,0,
1357283280,38.9065755,-77.04201151,0,0,0,0,0,0,0,0,
1357282980,38.927739,-77.0262321,0,0,0,0,0,0,0,0,
1357282680,38.874476,-76.9728871,0,0,0,0,0,0,0,0,
1357284660,38.9072501,-77.02396890,1,0,0,0,0,0,0,0,
1357284600,38.9303139,-76.97916848402260,0,0,1,0,0,0,0,0,
1357291500,38.902437,-77.0163350,0,0,1,0,0,0,0,0,
1357292640,38.906807,-76.9526170,0,0,0,0,1,0,0,0,
1357293480,38.886831,-76.98382620,1,0,0,0,0,0,0,0,
1357300500,38.928183,-76.9806291,0,0,0,0,0,0,0,0,
1357299720,38.93015405,-77.01994099897950,0,1,0,0,0,0,0,0,
1357301940,38.924885,-77.0321490,0,0,1,0,0,0,0,0,
1357301520,38.86762055,-76.95554399183940,1,0,0,0,0,0,0,0,
1357303440,38.893561,-76.95750730,0,1,0,0,0,0,0,0,
1357311600,38.865137,-76.96480990,0,0,1,0,0,0,0,0,
1357305000,38.90716,-77.0458420,1,0,0,0,0,0,0,0,
1357307760,38.8911387,-76.98203802472610,1,0,0,0,0,0,0,0,
1357307040,38.88365,-76.9960730,1,0,0,0,0,0,0,0,
1357308960,38.89715756438,-76.97255751192870,0,0,0,1,0,0,0,0,
1357309320,38.9117955,-77.03194920,0,0,0,1,0,0,0,0,
1357311780,38.927447,-77.0721720,1,0,0,0,0,0,0,0,
1357312560,38.9285842057722,-77.03492251911470,0,1,0,0,0,0,0,0,
1357315200,38.912373,-77.0387331,0,0,0,0,0,0,0,0,
1357312380,38.9092901,-76.9774141,0,0,0,0,0,0,0,0,
1357317000,38.8969623,-77.00799261,0,0,0,0,0,0,0,0,
1357317360,38.861133,-77.00093091,0,0,0,0,0,0,0,0,
1357318440,38.8291953,-76.99621110,0,1,0,0,0,0,0,0,
1357279200,38.9069768,-77.05072911,0,0,0,0,0,0,0,0,
1357319520,38.8898536,-76.95308951,0,0,0,0,0,0,0,0,
1357279200,38.9381198,-77.02457870,1,0,0,0,0,0,0,0,
1357282800,38.950758,-77.025651,0,0,0,0,0,0,0,0,
1357284060,38.913874,-76.9872750,1,0,0,0,0,0,0,0,
1357280400,38.859758,-76.9892770,0,0,0,1,0,0,0,0,
1357283940,38.9444336,-77.06432431,0,0,0,0,0,0,0,0,
1357286340,38.904606,-77.0123330,0,0,0,1,0,0,0,0,
1357286400,38.9134144,-77.052979770161,0,0,0,0,0,0,0,0,
1357285380,38.938820204297,-77.01682833320691,0,0,0,0,0,0,0,0,
1357286760,38.9222226219197,-77.02116529221610,1,0,0,0,0,0,0,0,
1357284420,38.90255205,-76.97525452397550,0,0,1,0,0,0,0,0,
1357291200,38.898233,-77.0282361,0,0,0,0,0,0,0,0,
1357290000,38.9381198,-77.02457870,1,0,0,0,0,0,0,0,
1357287300,38.8897298,-76.95672910,1,0,0,0,0,0,0,0,
1357287900,38.871527,-76.97318680,0,0,0,0,1,0,0,0,
1357291800,38.82939725,-76.9935156185010,0,1,0,0,0,0,0,0,
1357288860,38.8825678,-76.98993769841921,0,0,0,0,0,0,0,0,
1357290300,38.916414,-77.0417611,0,0,0,0,0,0,0,0,
1357290480,38.900348,-77.0351621,0,0,0,0,0,0,0,0,
1357290540,38.939741,-77.02751290,0,0,0,1,0,0,0,0,
1357289460,38.9183042,-77.02738861,0,0,0,0,0,0,0,0,
1357291740,38.882601,-76.9960740,1,0,0,0,0,0,0,0,
1357293120,38.8825678,-76.98993769841921,0,0,0,0,0,0,0,0,
1357293180,38.8825678,-76.98993769841921,0,0,0,0,0,0,0,0,
1357292700,38.9148717,-77.01909905351780,1,0,0,0,0,0,0,0,
1357294200,38.8610561,-76.9671783078971,0,0,0,0,0,0,0,0,
1357293840,38.915697,-77.0281870,1,0,0,0,0,0,0,0,
1357290180,38.916021,-77.0174570,0,1,0,0,0,0,0,0,
1357297140,38.9279108,-76.98805902831950,0,0,1,0,0,0,0,0,
1357300200,38.9391131,-77.03644311,0,0,0,0,0,0,0,0,
1357299360,38.911046,-77.0488241,0,0,0,0,0,0,0,0,
1357297200,38.920791,-77.04222771,0,0,0,0,0,0,0,0,
1357303200,38.8959841,-77.02297210,0,1,0,0,0,0,0,0,
1357296960,38.8994432017714,-76.94585624778580,0,1,0,0,0,0,0,0,
1357301460,38.8349201,-76.99125777440650,0,0,1,0,0,0,0,0,
1357297500,38.8858259,-76.95728486853410,0,0,1,0,0,0,0,0,
1357304640,38.9381198,-77.02457871,0,0,0,0,0,0,0,0,
1357305720,38.840577,-77.00662591,0,0,0,0,0,0,0,0,
1357304220,38.9064,-77.00940,0,0,0,1,0,0,0,0,
1357307220,38.922816,-77.0319460,0,0,0,1,0,0,0,0,
1357305120,38.879111,-76.98440990,0,1,0,0,0,0,0,0,
1357309560,38.896916,-76.9914341,0,0,0,0,0,0,0,0,
1357310340,38.9050143,-77.06302341,0,0,0,0,0,0,0,0,
1357309920,38.887672,-76.9788380,0,1,0,0,0,0,0,0,
1357315020,38.928992,-77.0234080,1,0,0,0,0,0,0,0,
1357312320,38.876799,-76.967490,1,0,0,0,0,0,0,0,
1357310580,38.927448,-77.032670,0,1,0,0,0,0,0,0,
1357311840,38.8947972,-77.02399120,0,0,0,1,0,0,0,0,
1357312080,38.913255,-77.0241260,0,0,0,1,0,0,0,0,
1357405440,38.8728178,-77.00973317473120,0,0,0,0,1,0,0,0,
1357371480,38.830451,-77.00905990,0,0,1,0,0,0,0,0,
1357317000,38.885428,-76.9788490,0,1,0,0,0,0,0,0,
1357318080,38.906807,-76.9526170,0,0,0,0,1,0,0,0,
1357318140,38.9020951,-76.94429170,0,1,0,0,0,0,0,0,
1357317300,38.897415,-76.9853470,0,1,0,0,0,0,0,0,
1357406640,38.9381198,-77.02457871,0,0,0,0,0,0,0,0,
1357408440,38.8684257,-76.97342032373950,0,0,0,0,1,0,0,0,
1357369740,38.905781,-77.0450010,1,0,0,0,0,0,0,0,
1357368120,38.9381198,-77.02457870,0,0,0,0,1,0,0,0,
1357370580,38.9509321,-77.03822470,0,1,0,0,0,0,0,0,
1357373400,38.88155135,-76.98779432145450,0,1,0,0,0,0,0,0,
1357378800,38.939741,-77.02751290,0,0,0,1,0,0,0,0,
1357376460,38.85957,-76.973180,0,1,0,0,0,0,0,0,
1357376880,38.91423605,-77.02018522689950,0,1,0,0,0,0,0,0,
1357386300,38.9398823,-77.02991830,0,1,0,0,0,0,0,0,
1357385400,38.8846267,-76.95960544264881,0,0,0,0,0,0,0,0,
1357390800,38.924503,-76.97899690,0,1,0,0,0,0,0,0,
1357386540,38.9072501,-77.02396890,0,1,0,0,0,0,0,0,
1357394820,38.8741741,-77.01596470,0,0,0,1,0,0,0,0,
1357395240,38.8978142,-77.04935299629420,0,0,1,0,0,0,0,0,
1357398000,38.9005216,-76.94361860,1,0,0,0,0,0,0,0,
1357399200,38.8727593,-77.0142976371280,0,0,0,1,0,0,0,0,
1357394400,38.920886,-77.0271411,0,0,0,0,0,0,0,0,
1357401600,38.9271,-77.03270,0,1,0,0,0,0,0,0,
1357399980,38.886773,-76.97726290,0,0,0,1,0,0,0,0,
1357400280,38.950948,-77.0192840,0,0,0,1,0,0,0,0,
1357401540,38.906429,-77.0386011,0,0,0,0,0,0,0,0,
1357399980,38.920791,-77.04222771,0,0,0,0,0,0,0,0,
1357401600,38.9080067,-77.04255451,0,0,0,0,0,0,0,0,
1357400460,38.8626221,-76.9564840,0,0,0,1,0,0,0,0,
1357402740,38.9173421640827,-76.97956521900391,0,0,0,0,0,0,0,0,
1357400100,38.9173421640827,-76.97956521900390,1,0,0,0,0,0,0,0,
1357405080,38.909568,-77.0321121,0,0,0,0,0,0,0,0,
1357402560,38.9389312,-77.03400331,0,0,0,0,0,0,0,0,
1357398120,38.93129,-77.0070230,0,0,0,0,1,0,0,0,
1357403580,38.89973,-77.0282411,0,0,0,0,0,0,0,0,
1357402140,38.9059303,-77.01499870,1,0,0,0,0,0,0,0,
1357404540,38.903882,-77.00082511,0,0,0,0,0,0,0,0,
1357405200,38.841755,-76.9985541,0,0,0,0,0,0,0,0,
1357403820,38.873118,-76.9699310,0,1,0,0,0,0,0,0,
1357406820,38.902648,-77.0395481,0,0,0,0,0,0,0,0,
1357407720,38.9050253,-77.07015821,0,0,0,0,0,0,0,0,
1357365600,38.869351,-76.9708341,0,0,0,0,0,0,0,0,
1357367220,38.898233,-77.0282361,0,0,0,0,0,0,0,0,
1357368600,38.9243276,-77.04050641,0,0,0,0,0,0,0,0,
1357370700,38.9109846,-77.03876190581660,1,0,0,0,0,0,0,0,
1357367460,38.9349300451186,-77.05402675322020,1,0,0,0,0,0,0,0,
1357371480,38.887616,-76.95298290,0,0,0,1,0,0,0,0,
1357373160,38.897262,-77.0297811,0,0,0,0,0,0,0,0,
1357372800,38.9003748,-76.99002720,0,1,0,0,0,0,0,0,
1357374000,38.912754,-77.0279220,1,0,0,0,0,0,0,0,
1357375020,38.908696,-77.0200071,0,0,0,0,0,0,0,0,
1357376700,38.9030851,-76.99475618057851,0,0,0,0,0,0,0,0,
1357372380,38.930963,-77.0236670,0,0,0,0,1,0,0,0,
1357367100,38.923511,-77.03716389202290,0,0,0,1,0,0,0,0,
1357379820,38.9025635,-77.05292351,0,0,0,0,0,0,0,0,
1357380600,38.8971375,-77.02434791,0,0,0,0,0,0,0,0,
1357382040,38.8797148398615,-76.98724466486681,0,0,0,0,0,0,0,0,
1357380060,38.9080067,-77.04255450,1,0,0,0,0,0,0,0,
1357380360,38.910567,-77.06210,1,0,0,0,0,0,0,0,
1357377420,38.9025911,-76.99152640,0,1,0,0,0,0,0,0,
1357382220,38.903659,-77.0401691,0,0,0,0,0,0,0,0,
1357383600,38.9029566,-77.02318871,0,0,0,0,0,0,0,0,
1357384920,38.8832141,-77.00839180,0,0,1,0,0,0,0,0,
1357389120,38.906028,-77.00626530,1,0,0,0,0,0,0,0,
1357388700,38.925664,-76.9960150,0,1,0,0,0,0,0,0,
1357390320,38.881269,-76.99618090,0,0,0,0,1,0,0,0,
1357389600,38.887616,-76.95298290,0,0,1,0,0,0,0,0,
1357385400,38.9029566,-77.02318871,0,0,0,0,0,0,0,0,
1357393320,38.900128,-77.0418581,0,0,0,0,0,0,0,0,
1357391580,38.9004062,-76.99475340,0,1,0,0,0,0,0,0,
1357392180,38.9000144,-77.01501610,0,1,0,0,0,0,0,0,
1357392000,38.900837,-77.00647190,1,0,0,0,0,0,0,0,
1357397400,38.897263,-77.0261431,0,0,0,0,0,0,0,0,
1357392240,38.91559125,-76.97445771311011,0,0,0,0,0,0,0,0,
1357395660,38.9182662,-77.00085207001160,0,0,0,0,1,0,0,0,
1357398360,38.893561,-76.95750730,0,1,0,0,0,0,0,0,
1357397880,38.8625017,-76.99018110,0,0,0,0,1,0,0,0,
1357400220,38.881332,-76.9882040,0,0,1,0,0,0,0,0,
1357401600,38.933411,-77.0365610,1,0,0,0,0,0,0,0,
1357399920,38.9230626,-77.03909290,0,1,0,0,0,0,0,0,
1357401540,38.8897298,-76.95672910,0,0,0,0,1,0,0,0,
1357400940,38.94845,-77.0175860,0,1,0,0,0,0,0,0,
1357401780,38.860918,-77.0003080,0,0,1,0,0,0,0,0,
1357495140,38.9167716,-77.02994451,0,0,0,0,0,0,0,0,
1357404480,38.90600705,-77.03886716430220,1,0,0,0,0,0,0,0,
1357405080,38.8909363,-76.99835560,1,0,0,0,0,0,0,0,
1357401900,38.908577,-77.0613680,0,1,0,0,0,0,0,0,
1357404960,38.9082717387566,-77.04954911077150,1,0,0,0,0,0,0,0,
1357400940,38.915565,-77.00202790,0,1,0,0,0,0,0,0,
1357495020,38.9338663,-76.98858299419430,0,1,0,0,0,0,0,0,
1357456740,38.920791,-77.04222770,0,0,0,0,1,0,0,0,
1357461900,38.904603,-77.008910,1,0,0,0,0,0,0,0,
1357495080,38.91770685,-77.04980387659160,0,1,0,0,0,0,0,0,
1357460940,38.919577,-77.0418620,0,1,0,0,0,0,0,0,
1357461120,38.90579505,-76.97598020663040,0,0,0,0,1,0,0,0,
1357460640,38.865464,-76.9512320,0,0,0,0,1,0,0,0,
1357461120,38.91466025,-77.03934520418570,0,1,0,0,0,0,0,0,
1357466400,38.918621,-77.04188420,0,1,0,0,0,0,0,0,
1357470000,38.914085,-77.01817790,0,0,0,1,0,0,0,0,
1357468740,38.850705,-76.9822311,0,0,0,0,0,0,0,0,
1357469640,38.904595,-76.94591490,1,0,0,0,0,0,0,0,
1357461180,38.883738,-76.99497190,0,0,0,0,1,0,0,0,
1357480740,38.901949,-76.94555890,1,0,0,0,0,0,0,0,
1357476240,38.956575,-77.0197870,0,1,0,0,0,0,0,0,
1357477260,38.94464,-77.030490,1,0,0,0,0,0,0,0,
1357479480,38.9085745,-77.02977980,1,0,0,0,0,0,0,0,
1357482000,38.9085745,-77.02977980,1,0,0,0,0,0,0,0,
1357482240,38.899969,-77.0168021,0,0,0,0,0,0,0,0,
1357482600,38.932282,-77.02412720160780,0,1,0,0,0,0,0,0,
1357483560,38.9051564680851,-77.005780,1,0,0,0,0,0,0,0,
1357482540,38.9408702,-76.98952213095880,1,0,0,0,0,0,0,0,
1357488540,38.926011,-77.081430,1,0,0,0,0,0,0,0,
1357484460,38.948209,-77.025530,1,0,0,0,0,0,0,0,
1357489080,38.95388,-77.05621790,1,0,0,0,0,0,0,0,
1357491600,38.91934865,-76.98705495495640,1,0,0,0,0,0,0,0,
1357491900,38.9154166,-77.02735830,0,0,0,1,0,0,0,0,
1357459200,38.9022524,-77.02193840,0,1,0,0,0,0,0,0,
1357466400,38.93471035,-77.029992350,0,0,1,0,0,0,0,0,
1357461480,38.874323,-76.9720830,1,0,0,0,0,0,0,0,
1357461180,38.8918011233464,-76.95166084791710,0,1,0,0,0,0,0,0,
1357466400,38.864521,-76.99911190,0,0,0,1,0,0,0,0,
1357462320,38.9173550355946,-77.01664547649610,0,0,0,1,0,0,0,0,
1357462800,38.878098,-77.01064890,0,0,0,1,0,0,0,0,
1357462980,38.919884,-77.0004620,1,0,0,0,0,0,0,0,
1357463100,38.9352671,-77.06510386604591,0,0,0,0,0,0,0,0,
1357466400,38.9155717,-77.03260330,0,1,0,0,0,0,0,0,
1357463640,38.906807,-76.9526171,0,0,0,0,0,0,0,0,
1357461300,38.899685804878,-76.9901351,0,0,0,0,0,0,0,0,
1357466880,38.951853,-77.06015991,0,0,0,0,0,0,0,0,
1357467960,38.9072501,-77.02396890,1,0,0,0,0,0,0,0,
1357467120,38.904711,-76.95043191,0,0,0,0,0,0,0,0,
1357466400,38.950465,-77.05630891,0,0,0,0,0,0,0,0,
1357469400,38.8894239,-76.93840440,0,1,0,0,0,0,0,0,
1357470000,38.84023645,-76.99270493790890,1,0,0,0,0,0,0,0,
1357477800,38.915489,-77.0231040,0,0,0,1,0,0,0,0,
1357470000,38.898233,-77.0282361,0,0,0,0,0,0,0,0,
1357470360,38.9167716,-77.02994451,0,0,0,0,0,0,0,0,
1357470060,38.937723,-77.0246230,1,0,0,0,0,0,0,0,
1357470300,38.905185,-77.0489691,0,0,0,0,0,0,0,0,
1357472220,38.885763,-76.98901890,1,0,0,0,0,0,0,0,
1357475400,38.923439,-76.97269690,0,1,0,0,0,0,0,0,
1357482000,38.871527,-76.97318680,0,1,0,0,0,0,0,0,
1357485480,38.923117,-77.0004831,0,0,0,0,0,0,0,0,
1357480920,38.8994059,-76.97099981,0,0,0,0,0,0,0,0,
1357478520,38.9299956,-77.10294700694760,0,0,0,0,1,0,0,0,
1357481280,38.9020697,-76.98238751,0,0,0,0,0,0,0,0,
1357486620,38.928811,-77.0276430,1,0,0,0,0,0,0,0,
1357580700,38.93247,-77.020590,0,1,0,0,0,0,0,0,
1357579980,38.913191,-77.0163290,1,0,0,0,0,0,0,0,
1357490100,38.851946,-76.9870470,0,0,1,0,0,0,0,0,
1357552800,38.900785,-77.0200670,1,0,0,0,0,0,0,0,
1357557720,38.950044,-76.99766490,0,0,0,1,0,0,0,0,
1357563060,38.9098088,-77.03059510774190,1,0,0,0,0,0,0,0,
1357564500,38.93512,-77.0240071,0,0,0,0,0,0,0,0,
1357565400,38.9336954,-76.99123630,1,0,0,0,0,0,0,0,
1357567200,38.879161,-77.0174441,0,0,0,0,0,0,0,0,
1357563960,38.9381198,-77.02457871,0,0,0,0,0,0,0,0,
1357567680,38.864758,-76.9797380,0,1,0,0,0,0,0,0,
1357569300,38.8966429958986,-77.01528576976381,0,0,0,0,0,0,0,0,
1357565040,38.90304445,-76.98203520974160,0,0,0,1,0,0,0,0,
1357571160,38.902167,-77.03240880,0,0,1,0,0,0,0,0,
1357564800,38.877447,-77.0137740,0,0,0,1,0,0,0,0,
1357571820,38.8311476,-76.99995787126531,0,0,0,0,0,0,0,0,
1357551900,38.924873,-77.02191490,1,0,0,0,0,0,0,0,
1357577940,38.8869384,-76.98979612370820,1,0,0,0,0,0,0,0,
1357573800,38.9155964,-77.07034794328370,0,0,1,0,0,0,0,0,
1357539840,38.909561,-77.020060,1,0,0,0,0,0,0,0,
1357580640,38.8761228,-77.00361510,1,0,0,0,0,0,0,0,
1357576860,38.9101964,-77.07545391,0,0,0,0,0,0,0,0,
1357580160,38.940818,-77.04128490,0,1,0,0,0,0,0,0,
1357540680,38.9289784,-77.032911,0,0,0,0,0,0,0,0,
1357541340,38.901142,-77.0419551,0,0,0,0,0,0,0,0,
1357541880,38.902294,-77.0438181,0,0,0,0,0,0,0,0,
1357545060,38.9050473,-77.06131391,0,0,0,0,0,0,0,0,
1357546980,38.9021892,-77.03493581,0,0,0,0,0,0,0,0,
1357545120,38.922552,-77.0271410,0,0,0,0,0,0,0,1,
1357562940,38.90678985,-76.99899215734380,1,0,0,0,0,0,0,0,
1357549020,38.91667925,-77.06807471541911,0,0,0,0,0,0,0,0,
1357549020,38.8832141,-77.00839180,0,0,1,0,0,0,0,0,
1357548000,38.901949,-76.94555890,0,1,0,0,0,0,0,0,
1357549500,38.93119385,-77.03051933169191,0,0,0,0,0,0,0,0,
1357549140,38.836428,-77.0006851,0,0,0,0,0,0,0,0,
1357552380,38.883947,-76.9834471,0,0,0,0,0,0,0,0,
1357553340,38.9205338759124,-76.99858140145991,0,0,0,0,0,0,0,0,
1357552140,38.9429633,-77.06948539074840,0,0,1,0,0,0,0,0,
1357556100,38.853026,-76.9830090,0,0,1,0,0,0,0,0,
1357553880,38.89825435,-76.97941723586450,0,0,1,0,0,0,0,0,
1357555140,38.910819,-77.0813411,0,0,0,0,0,0,0,0,
1357553280,38.89925495,-76.9424085005090,1,0,0,0,0,0,0,0,
1357557000,38.8932784,-76.94874570,0,0,0,0,1,0,0,0,
1357557900,38.8994902,-76.97572390,0,1,0,0,0,0,0,0,
1357558140,38.8856741,-76.99770611,0,0,0,0,0,0,0,0,
1357561800,38.883614,-76.9948671,0,0,0,0,0,0,0,0,
1357559580,38.93488645,-77.08288550857691,0,0,0,0,0,0,0,0,
1357561680,38.901294,-76.9807881,0,0,0,0,0,0,0,0,
1357561380,38.888784,-76.95607290,0,1,0,0,0,0,0,0,
1357561560,38.911941,-77.0063890,0,0,1,0,0,0,0,0,
1357563660,38.900286,-76.9982841,0,0,0,0,0,0,0,0,
1357565400,38.944986,-77.0389730,0,1,0,0,0,0,0,0,
1357568640,38.949673,-77.05773691,0,0,0,0,0,0,0,0,
1357569600,38.9381198,-77.02457870,0,1,0,0,0,0,0,0,
1357634580,38.8270920809618,-77.00043932319161,0,0,0,0,0,0,0,0,
1357574640,38.9338185,-76.9908250,0,1,0,0,0,0,0,0,
1357573440,38.9444336,-77.06432430,0,0,1,0,0,0,0,0,
1357575600,38.925438,-77.0355370,0,1,0,0,0,0,0,0,
1357667100,38.9197840138746,-77.02893509081210,0,1,0,0,0,0,0,0,
1357666740,38.9105385,-77.04702251,0,0,0,0,0,0,0,0,
1357626840,38.863901,-76.9837760,0,1,0,0,0,0,0,0,
1357636920,38.8975162,-76.999317398350,0,0,0,1,0,0,0,0,
1357639620,38.897455,-76.9985540,1,0,0,0,0,0,0,0,
1357645920,38.87048,-76.97364790,0,0,1,0,0,0,0,0,
1357653300,38.899969,-77.0168021,0,0,0,0,0,0,0,0,
1357653900,38.938634,-77.0233450,1,0,0,0,0,0,0,0,
1357655820,38.881355,-76.9993541,0,0,0,0,0,0,0,0,
1357660200,38.92645,-77.0325130,0,1,0,0,0,0,0,0,
1357657200,38.914011,-77.0321080,1,0,0,0,0,0,0,0,
1357658280,38.881199,-77.0153520,1,0,0,0,0,0,0,0,
1357657200,38.902437,-77.0163351,0,0,0,0,0,0,0,0,
1357659960,38.881143,-76.9901410,1,0,0,0,0,0,0,0,
1357657380,38.909076,-77.03054693918810,1,0,0,0,0,0,0,0,
1357663500,38.93129,-77.0070230,1,0,0,0,0,0,0,0,
1357659480,38.9050143,-77.06302341,0,0,0,0,0,0,0,0,
1357659240,38.8888347,-77.00039076178031,0,0,0,0,0,0,0,0,
1357659060,38.8977821,-76.98474432346230,1,0,0,0,0,0,0,0,
1357659300,38.9065465,-77.04379161,0,0,0,0,0,0,0,0,
1357667100,38.829082,-76.9983911,0,0,0,0,0,0,0,0,
1357661220,38.897263,-77.0261431,0,0,0,0,0,0,0,0,
1357659300,38.94556,-76.99766990,0,0,0,1,0,0,0,0,
1357665000,38.9065465,-77.04379161,0,0,0,0,0,0,0,0,
1357625160,38.93119385,-77.03051933169191,0,0,0,0,0,0,0,0,
1357666440,38.93119385,-77.03051933169191,0,0,0,0,0,0,0,0,
1357661100,38.915565,-77.00202790,1,0,0,0,0,0,0,0,
1357629300,38.944783,-77.07792791,0,0,0,0,0,0,0,0,
1357628400,38.8758731,-77.013266134521,0,0,0,0,0,0,0,0,
1357629540,38.93000825,-77.0575369658840,1,0,0,0,0,0,0,0,
1357627680,38.9020951,-76.94429170,0,0,0,1,0,0,0,0,
1357639740,38.878598,-76.9960040,1,0,0,0,0,0,0,0,
1357634820,38.920105,-77.0220451,0,0,0,0,0,0,0,0,
1357634700,38.925103,-76.98528674900330,1,0,0,0,0,0,0,0,
1357646880,38.88898865,-76.95577550,0,0,1,0,0,0,0,0,
1357634400,38.9381198,-77.02457871,0,0,0,0,0,0,0,0,
1357636440,38.905022,-77.05958541,0,0,0,0,0,0,0,0,
1357636080,38.84094195,-76.99581620,0,0,1,0,0,0,0,0,
1357636500,38.9157084,-77.02632270,0,1,0,0,0,0,0,0,
1357637880,38.8481077745143,-76.97823727389280,0,0,1,0,0,0,0,0,
1357639200,38.8572122,-76.96972160,0,1,0,0,0,0,0,0,
1357641000,38.9391131,-77.03644310,1,0,0,0,0,0,0,0,
1357639440,38.924673,-77.029870,0,0,1,0,0,0,0,0,
1357642440,38.934114,-77.05721321,0,0,0,0,0,0,0,0,
1357641600,38.91490415,-77.04376389401760,0,0,1,0,0,0,0,0,
1357644420,38.91490415,-77.04376389401760,0,0,1,0,0,0,0,0,
1357644480,38.91490415,-77.04376389401760,0,0,1,0,0,0,0,0,
1357647780,38.911942,-77.0090540,0,0,1,0,0,0,0,0,
1357644600,38.90207255,-76.97645957454080,0,0,1,0,0,0,0,0,
1357642200,38.857306,-76.98497390,0,1,0,0,0,0,0,0,
1357643100,38.900332,-77.0091661,0,0,0,0,0,0,0,0,
1357646400,38.896603,-77.0489540,0,0,1,0,0,0,0,0,
1357643700,38.8918927,-76.93776090,0,0,1,0,0,0,0,0,
1357644120,38.9091748,-76.98431580,0,1,0,0,0,0,0,0,
1357646820,38.91244595,-77.02013733419380,0,1,0,0,0,0,0,0,
1357650000,38.9000876,-76.98354690,1,0,0,0,0,0,0,0,
1357653600,38.9294491,-77.02995547978330,0,1,0,0,0,0,0,0,
1357649880,38.90621425,-77.03087447279581,0,0,0,0,0,0,0,0,
1357648380,38.9182589,-77.03225421,0,0,0,0,0,0,0,0,
1357651440,38.870825,-76.9748020,1,0,0,0,0,0,0,0,
1357654320,38.8994059,-76.97099981,0,0,0,0,0,0,0,0,
1357654380,38.9053573,-77.06552670,1,0,0,0,0,0,0,0,
1357655640,38.9285639,-77.03398831,0,0,0,0,0,0,0,0,
1357656300,38.947899,-77.07257790,1,0,0,0,0,0,0,0,
1357655700,38.889902,-76.9517730,0,1,0,0,0,0,0,0,
1357658400,38.932287,-77.07704890,1,0,0,0,0,0,0,0,
1357657200,38.909722893617,-77.04597568085111,0,0,0,0,0,0,0,0,
1357657800,38.9175737,-77.02214971,0,0,0,0,0,0,0,0,
1357664340,38.891014,-76.9853520,1,0,0,0,0,0,0,0,
1357753020,38.9070159,-77.03238141,0,0,0,0,0,0,0,0,
1357662780,38.92015,-77.0137050,0,0,0,0,1,0,0,0,
1357711740,38.8839311,-76.94701990,1,0,0,0,0,0,0,0,
1357713300,38.924012,-77.05260690,1,0,0,0,0,0,0,0,
1357715340,38.884476,-76.9507280,0,0,0,0,1,0,0,0,
1357735200,38.939077,-77.07654090,1,0,0,0,0,0,0,0,
1357736580,38.925061,-77.0087991,0,0,0,0,0,0,0,0,
1357735260,38.9253073,-77.07788100220070,1,0,0,0,0,0,0,0,
1357735440,38.8825678,-76.98993769841921,0,0,0,0,0,0,0,0,
1357736460,38.9359895134976,-77.06179637374850,0,0,1,0,0,0,0,0,
1357737600,38.8949955,-76.99972190,1,0,0,0,0,0,0,0,
1357739940,38.9334825,-77.06863160,1,0,0,0,0,0,0,0,
1357739580,38.917121,-77.0136450,1,0,0,0,0,0,0,0,
1357739280,38.902646,-77.0260920,1,0,0,0,0,0,0,0,
1357739760,38.933609,-77.0709890,1,0,0,0,0,0,0,0,
1357740840,38.9050253,-77.07015821,0,0,0,0,0,0,0,0,
1357741500,38.92044165,-77.04022953459931,0,0,0,0,0,0,0,0,
1357742640,38.9034158702893,-76.97286541184410,1,0,0,0,0,0,0,0,
1357741800,38.9074729,-77.0614260,1,0,0,0,0,0,0,0,
1357741920,38.879466,-76.9872891,0,0,0,0,0,0,0,0,
1357741140,38.890394,-76.9512460,1,0,0,0,0,0,0,0,
1357742160,38.9134489,-77.04314367717391,0,0,0,0,0,0,0,0,
1357746480,38.906464,-77.01365290,0,0,0,1,0,0,0,0,
1357747320,38.847172,-76.99984390,0,0,0,1,0,0,0,0,
1357744020,38.910941,-77.0507561,0,0,0,0,0,0,0,0,
1357746960,38.89218785,-76.99930279218270,1,0,0,0,0,0,0,0,
1357744800,38.858847,-76.99422690,0,0,1,0,0,0,0,0,
1357750800,38.9046911,-77.05724370,0,0,1,0,0,0,0,0,
1357750800,38.9046911,-77.05724370,0,0,1,0,0,0,0,0,
1357750860,38.90432615,-77.0202256733311,0,0,0,0,0,0,0,0,
1357711200,38.870621,-76.9699061,0,0,0,0,0,0,0,0,
1357711260,38.915492,-77.0418160,1,0,0,0,0,0,0,0,
1357752600,38.907617,-77.0704991,0,0,0,0,0,0,0,0,
1357753500,38.9294491,-77.02995547978330,1,0,0,0,0,0,0,0,
1357714440,38.9003199,-77.00057160,0,1,0,0,0,0,0,0,
1357715100,38.8504825903849,-76.97559932523971,0,0,0,0,0,0,0,0,
1357716240,38.9289784,-77.032911,0,0,0,0,0,0,0,0,
1357718400,38.903943,-77.040561,0,0,0,0,0,0,0,0,
1357718400,38.911244,-77.0122681,0,0,0,0,0,0,0,0,
1357712580,38.901262,-77.038681,0,0,0,0,0,0,0,0,
1357722300,38.898233,-77.0282361,0,0,0,0,0,0,0,0,
1357720860,38.86038,-76.9848050,0,0,0,1,0,0,0,0,
1357734600,38.906366,-77.0086830,0,0,0,1,0,0,0,0,
1357717500,38.955273,-77.0297990,0,0,1,0,0,0,0,0,
1357720320,38.9106452,-77.06641714791290,1,0,0,0,0,0,0,0,
1357722600,38.909242,-76.9991460,1,0,0,0,0,0,0,0,
1357724340,38.9193,-77.0122540,0,1,0,0,0,0,0,0,
1357722480,38.9324328,-77.03017080691771,0,0,0,0,0,0,0,0,
1357723560,38.9295025,-77.0354571,0,0,0,0,0,0,0,0,
1357722000,38.91138,-76.9849890,1,0,0,0,0,0,0,0,
1357721880,38.886773,-76.97726291,0,0,0,0,0,0,0,0,
1357724220,38.9485288,-77.08055021,0,0,0,0,0,0,0,0,
1357731000,38.888753,-76.983490,0,1,0,0,0,0,0,0,
1357723800,38.8997323,-76.94259780,1,0,0,0,0,0,0,0,
1357718040,38.9175737,-77.02214970,0,0,0,0,1,0,0,0,
1357722540,38.9234607,-77.04469472145490,1,0,0,0,0,0,0,0,
1357729200,38.911252,-77.043540,1,0,0,0,0,0,0,0,
1357727160,38.9594167,-77.08561721,0,0,0,0,0,0,0,0,
1357729320,38.897184,-77.02842231,0,0,0,0,0,0,0,0,
1357728540,38.9288791,-77.03001014153780,0,1,0,0,0,0,0,0,
1357732200,38.9096894,-77.04256450,0,1,0,0,0,0,0,0,
1357732800,38.8986274,-77.02218851,0,0,0,0,0,0,0,0,
1357733340,38.9069957,-77.03600510,0,1,0,0,0,0,0,0,
1357730880,38.9084164,-77.08343669972181,0,0,0,0,0,0,0,0,
1357734540,38.9025635,-77.05292351,0,0,0,0,0,0,0,0,
1357731120,38.8805122,-77.00350940,0,0,1,0,0,0,0,0,
1357736640,38.899708,-77.0163631,0,0,0,0,0,0,0,0,
1357736400,38.89289495,-76.94089472722430,0,0,1,0,0,0,0,0,
1357742460,38.89939175,-77.05038794486751,0,0,0,0,0,0,0,0,
1357742880,38.9105330699964,-77.0318478766311,0,0,0,0,0,0,0,0,
1357741500,38.902648,-77.0395481,0,0,0,0,0,0,0,0,
1357747500,38.9322375384615,-77.03097292307690,0,1,0,0,0,0,0,0,
1357744740,38.8593833172407,-76.99129296407480,1,0,0,0,0,0,0,0,
1357747560,38.9117955,-77.03194921,0,0,0,0,0,0,0,0,
1357748400,38.897454,-76.9944530,1,0,0,0,0,0,0,0,
1357748100,38.9002155815568,-76.94489389820720,0,1,0,0,0,0,0,0,
1357742580,38.949673,-77.05773690,0,0,1,0,0,0,0,0,
1357838220,38.926898,-77.0205561,0,0,0,0,0,0,0,0,
1357804200,38.9391131,-77.03644310,1,0,0,0,0,0,0,0,
1357821000,38.916915,-77.0321090,1,0,0,0,0,0,0,0,
1357823100,38.8638568,-76.95699770,1,0,0,0,0,0,0,0,
1357825500,38.934003,-77.0379350,0,0,1,0,0,0,0,0,
1357827000,38.8674204,-76.98052531320490,1,0,0,0,0,0,0,0,
1357827540,38.90148755,-76.99286200027780,1,0,0,0,0,0,0,0,
1357826280,38.949006,-77.03527490,1,0,0,0,0,0,0,0,
1357828200,38.926309,-77.005540,0,0,0,0,1,0,0,0,
1357828140,38.903588,-76.9917030,0,0,1,0,0,0,0,0,
1357828800,38.8990409,-76.99821931,0,0,0,0,0,0,0,0,
1357829280,38.90280875,-77.06062248811131,0,0,0,0,0,0,0,0,
1357832160,38.866686,-76.9841831,0,0,0,0,0,0,0,0,
1357834860,38.8934537333333,-76.95052121,0,0,0,0,0,0,0,0,
1357833540,38.9076104,-77.04264661,0,0,0,0,0,0,0,0,
1357837200,38.9138063,-77.02844841322840,0,1,0,0,0,0,0,0,
1357835400,38.909766,-77.015290,0,0,0,1,0,0,0,0,
1357832220,38.8986346,-77.03992531,0,0,0,0,0,0,0,0,
1357837200,38.898233,-77.0282361,0,0,0,0,0,0,0,0,
1357837560,38.9139233,-77.02087930,1,0,0,0,0,0,0,0,
1357835520,38.9092901,-76.9774141,0,0,0,0,0,0,0,0,
1357833840,38.858847,-76.99422690,0,0,1,0,0,0,0,0,
1357835760,38.911141,-77.00940190,0,1,0,0,0,0,0,0,
1357797600,38.866576,-76.9788570,1,0,0,0,0,0,0,0,
1357840320,38.911258,-77.01721490425790,1,0,0,0,0,0,0,0,
1357799880,38.9218774,-77.07457333952421,0,0,0,0,0,0,0,0,
1357798500,38.915489,-77.0231040,1,0,0,0,0,0,0,0,
1357797660,38.9003748,-76.99002720,0,0,0,1,0,0,0,0,
1357797600,38.93568635,-77.08473018261481,0,0,0,0,0,0,0,0,
1357797600,38.918209,-77.0346350,1,0,0,0,0,0,0,0,
1357802580,38.907617,-77.0704991,0,0,0,0,0,0,0,0,
1357799220,38.915493,-77.0386370,0,0,1,0,0,0,0,0,
1357799940,38.9143419,-77.04508120,0,0,1,0,0,0,0,0,
1357804200,38.8896998,-76.95601680,1,0,0,0,0,0,0,0,
1357804620,38.925103,-76.98528674900330,1,0,0,0,0,0,0,0,
1357809240,38.910224,-76.9848041,0,0,0,0,0,0,0,0,
1357805760,38.892664,-77.01217140,1,0,0,0,0,0,0,0,
1357802160,38.871527,-76.97318681,0,0,0,0,0,0,0,0,
1357804080,38.891979,-76.951230,1,0,0,0,0,0,0,0,
1357805820,38.8825678,-76.98993769841921,0,0,0,0,0,0,0,0,
1357807080,38.8977247,-76.97698265071841,0,0,0,0,0,0,0,0,
1357807620,38.9381198,-77.02457871,0,0,0,0,0,0,0,0,
1357809840,38.899936,-77.022021,0,0,0,0,0,0,0,0,
1357812000,38.9064403,-77.03564651,0,0,0,0,0,0,0,0,
1357811100,38.914309,-77.0418871,0,0,0,0,0,0,0,0,
1357811400,38.904641,-77.0411291,0,0,0,0,0,0,0,0,
1357811100,38.9026243,-77.01892760,0,1,0,0,0,0,0,0,
1357811760,38.8766709,-77.00035541,0,0,0,0,0,0,0,0,
1357813740,38.8888391,-76.99929980,1,0,0,0,0,0,0,0,
1357812000,38.9057869438526,-77.03141481209451,0,0,0,0,0,0,0,0,
1357837200,38.8610561,-76.9671783078970,0,0,0,0,0,0,1,0,
1357816380,38.841755,-76.9985541,0,0,0,0,0,0,0,0,
1357815300,38.8910716,-76.99599830,1,0,0,0,0,0,0,0,
1357814520,38.90915925,-77.05497337101961,0,0,0,0,0,0,0,0,
1357818600,38.9148091,-77.08495340,0,0,1,0,0,0,0,0,
1357817400,38.949237,-77.0159020,0,0,0,0,1,0,0,0,
1357816320,38.892664,-77.01217141,0,0,0,0,0,0,0,0,
1357817640,38.894909,-76.992751,0,0,0,0,0,0,0,0,
1357820100,38.896751,-76.9834870,0,1,0,0,0,0,0,0,
1357819380,38.9284983,-77.02766589434240,0,1,0,0,0,0,0,0,
1357820280,38.9594167,-77.08561721,0,0,0,0,0,0,0,0,
1357822800,38.9147906,-77.0462931,0,0,0,0,0,0,0,0,
1357824600,38.8994059,-76.97099981,0,0,0,0,0,0,0,0,
1357821720,38.9381198,-77.02457870,0,1,0,0,0,0,0,0,
1357824600,38.947899,-77.07257790,1,0,0,0,0,0,0,0,
1357827600,38.8694736,-76.96775610,0,0,1,0,0,0,0,0,
1357827540,38.922398,-76.9921050,1,0,0,0,0,0,0,0,
1357826400,38.929398,-77.08371990,1,0,0,0,0,0,0,0,
1357827420,38.882669,-76.9914251,0,0,0,0,0,0,0,0,
1357829040,38.912733,-77.036621,0,0,0,0,0,0,0,0,
1357828440,38.902594,-76.9982860,0,0,1,0,0,0,0,0,
1357830660,38.90304445,-76.98203520974160,0,0,0,1,0,0,0,0,
1357832100,38.84217065,-76.99368026200470,1,0,0,0,0,0,0,0,
1357831020,38.8983105,-77.01977760,1,0,0,0,0,0,0,0,
1357829940,38.8877926,-76.9557762250,0,0,1,0,0,0,0,0,
1357835400,38.9003748,-76.99002720,0,1,0,0,0,0,0,0,
1357835280,38.9108059,-77.00909920,0,1,0,0,0,0,0,0,
1357886700,38.925475,-77.04190690,0,1,0,0,0,0,0,0,
1357830120,38.899363,-76.9854151,0,0,0,0,0,0,0,0,
1357835580,38.866576,-76.9788570,0,0,0,1,0,0,0,0,
1357834920,38.902519,-77.01617590,0,0,1,0,0,0,0,0,
1357836480,38.911324,-77.03696658842350,0,0,0,1,0,0,0,0,
1357891200,38.9481972,-77.02389699814170,0,1,0,0,0,0,0,0,
1357894860,38.911249,-77.0230510,1,0,0,0,0,0,0,0,
1357897380,38.8832757,-76.96145230,0,0,0,1,0,0,0,0,
1357900620,38.91024,-77.0012531,0,0,0,0,0,0,0,0,
1357900980,38.91024,-77.0012530,0,0,0,0,1,0,0,0,
1357904700,38.9381198,-77.02457870,0,1,0,0,0,0,0,0,
1357909320,38.931054,-77.0309580,1,0,0,0,0,0,0,0,
1357909800,38.8874499,-76.99128988066050,1,0,0,0,0,0,0,0,
1357910520,38.897416,-76.9924860,1,0,0,0,0,0,0,0,
1357908660,38.9319063,-77.02105240,0,0,1,0,0,0,0,0,
1357908240,38.9176856,-76.97186748538790,1,0,0,0,0,0,0,0,
1357911660,38.9126092,-77.03441450,0,0,0,1,0,0,0,0,
1357914120,38.92244985,-76.99367101849611,0,0,0,0,0,0,0,0,
1357912800,38.888263,-76.98644290,1,0,0,0,0,0,0,0,
1357912800,38.866686,-76.9841831,0,0,0,0,0,0,0,0,
1357913820,38.9280070714286,-76.97831935714290,1,0,0,0,0,0,0,0,
1357916400,38.8680902,-76.97875383074920,0,0,0,0,1,0,0,0,
1357914180,38.935049,-77.0886441,0,0,0,0,0,0,0,0,
1357914600,38.9022789,-77.04518451,0,0,0,0,0,0,0,0,
1357916400,38.8698929,-76.96019560,1,0,0,0,0,0,0,0,
1357914060,38.9147906,-77.0462931,0,0,0,0,0,0,0,0,
1357919340,38.903652,-77.0163321,0,0,0,0,0,0,0,0,
1357922100,38.909747,-76.9957610,0,1,0,0,0,0,0,0,
1357923420,38.9289784,-77.032911,0,0,0,0,0,0,0,0,
1357922100,38.920568,-77.0150751,0,0,0,0,0,0,0,0,
1357924800,38.927657,-77.0326321,0,0,0,0,0,0,0,0,
1357921320,38.902608,-77.0138691,0,0,0,0,0,0,0,0,
1357925580,38.903943,-77.040561,0,0,0,0,0,0,0,0,
1357884000,38.900348,-77.0351621,0,0,0,0,0,0,0,0,
1357885980,38.9243276,-77.04050640,1,0,0,0,0,0,0,0,
1357886700,38.9167716,-77.02994450,0,1,0,0,0,0,0,0,
1357884660,38.909728,-77.0251370,1,0,0,0,0,0,0,0,
1357886160,38.931816,-76.99950210,1,0,0,0,0,0,0,0,
1357922340,38.92743195,-77.00620132522940,0,0,0,0,0,1,0,0,
1357888680,38.945445,-77.06367690,0,0,1,0,0,0,0,0,
1357896600,38.944783,-77.07792790,0,0,1,0,0,0,0,0,
1357885980,38.8832141,-77.00839180,0,0,1,0,0,0,0,0,
1357887120,38.8385801023208,-76.99365991706830,0,1,0,0,0,0,0,0,
1357888320,38.92244985,-76.99367101849610,1,0,0,0,0,0,0,0,
1357891200,38.9105668,-77.04317761,0,0,0,0,0,0,0,0,
1357889640,38.886043,-76.99686691,0,0,0,0,0,0,0,0,
1357890900,38.898441,-77.0320591,0,0,0,0,0,0,0,0,
1357889820,38.9004039,-77.04687716726651,0,0,0,0,0,0,0,0,
1357886400,38.93559685,-76.99346001760490,0,0,0,1,0,0,0,0,
1357889400,38.9485288,-77.08055021,0,0,0,0,0,0,0,0,
1357894320,38.90087905,-77.05197935477181,0,0,0,0,0,0,0,0,
1357896360,38.9020951,-76.94429170,0,0,0,1,0,0,0,0,
1357896960,38.9059309,-77.01958727532081,0,0,0,0,0,0,0,0,
1357898340,38.903861,-77.0346821,0,0,0,0,0,0,0,0,
1357898400,38.9331272584598,-76.99648837538891,0,0,0,0,0,0,0,0,
1357900260,38.860918,-77.0003080,0,0,0,0,1,0,0,0,
1357900860,38.9053573,-77.06552671,0,0,0,0,0,0,0,0,
1357898400,38.899729,-77.0200680,0,1,0,0,0,0,0,0,
1357903800,38.920627,-77.0716321,0,0,0,0,0,0,0,0,
1357900200,38.909765,-77.0190320,0,0,1,0,0,0,0,0,
1357902600,38.858847,-76.99422690,0,0,1,0,0,0,0,0,
1357903680,38.841755,-76.9985540,0,1,0,0,0,0,0,0,
1357904340,38.911204,-77.0099760,0,0,1,0,0,0,0,0,
1357906500,38.939835,-77.02164331,0,0,0,0,0,0,0,0,
1357910400,38.91803,-77.0282420,1,0,0,0,0,0,0,0,
1357913700,38.881338,-76.9876580,0,1,0,0,0,0,0,0,
1357914600,38.9284983,-77.02766589434240,0,1,0,0,0,0,0,0,
1357913220,38.9109846,-77.03876190581661,0,0,0,0,0,0,0,0,
1357914000,38.881269,-76.99618090,0,0,0,0,1,0,0,0,
1357916700,38.90386925,-76.9947497253610,0,0,1,0,0,0,0,0,
1357913940,38.928992,-77.0234080,0,1,0,0,0,0,0,0,
1357915680,38.940822,-77.00396970588240,0,1,0,0,0,0,0,0,
1357916520,38.9021892,-77.03493581,0,0,0,0,0,0,0,0,
1357917540,38.911046,-77.032110,0,1,0,0,0,0,0,0,
1357917720,38.949006,-77.03527491,0,0,0,0,0,0,0,0,
1357970400,38.902645,-77.0271450,1,0,0,0,0,0,0,0,
1357919160,38.8825769,-76.99472361,0,0,0,0,0,0,0,0,
1357915680,38.8909219599017,-76.95785859136160,0,0,1,0,0,0,0,0,
1357919580,38.9041199,-77.02702591,0,0,0,0,0,0,0,0,
1358010900,38.932367,-76.99546590,0,1,0,0,0,0,0,0,
1357919160,38.9232919,-77.03541410,0,1,0,0,0,0,0,0,
1357920960,38.9016732,-76.99264290,0,1,0,0,0,0,0,0,
1357922520,38.9076104,-77.04264661,0,0,0,0,0,0,0,0,
1358012340,38.891973,-76.9424510,0,1,0,0,0,0,0,0,
1358011500,38.9168439,-77.0272650,1,0,0,0,0,0,0,0,
1358012400,38.90432615,-77.0202256733310,1,0,0,0,0,0,0,0,
1358012760,38.904274,-76.99375790,1,0,0,0,0,0,0,0,
1357972380,38.907617,-77.0704990,0,0,0,1,0,0,0,0,
1357974780,38.934067,-77.0333970,0,1,0,0,0,0,0,0,
1358013420,38.90034,-76.95938490,0,1,0,0,0,0,0,0,
1357974960,38.902519,-77.01617590,1,0,0,0,0,0,0,0,
1357973700,38.905185,-77.0489691,0,0,0,0,0,0,0,0,
1357971180,38.929398,-77.08371990,0,0,1,0,0,0,0,0,
1357972320,38.907942,-77.04321321,0,0,0,0,0,0,0,0,
1357976940,38.93015405,-77.01994099897950,0,0,0,1,0,0,0,0,
1357980420,38.9224485016863,-76.97483802665270,1,0,0,0,0,0,0,0,
1357976160,38.95109675,-77.06817967903810,0,1,0,0,0,0,0,0,
1357978800,38.903854,-77.0021480,1,0,0,0,0,0,0,0,
1357981920,38.903854,-77.0021480,1,0,0,0,0,0,0,0,
1357979400,38.84196,-76.998291,0,0,0,0,0,0,0,0,
1357984380,38.90224685,-77.04699244728521,0,0,0,0,0,0,0,0,
1357982100,38.9022256,-77.03977720,1,0,0,0,0,0,0,0,
1357983540,38.919481,-76.9710090,1,0,0,0,0,0,0,0,
1357989600,38.898229,-76.95065890,0,0,0,0,1,0,0,0,
1357991520,38.917003,-77.03847720,1,0,0,0,0,0,0,0,
1357996080,38.8615996,-76.96810281,0,0,0,0,0,0,0,0,
1357999320,38.84742850617,-76.98204837031590,1,0,0,0,0,0,0,0,
1357995420,38.8947972,-77.02399120,0,0,0,1,0,0,0,0,
1357997700,38.8486192,-77.00178410599330,0,0,0,0,1,0,0,0,
1358000760,38.9050253,-77.07015820,1,0,0,0,0,0,0,0,
1358002740,38.9223278,-77.04386761,0,0,0,0,0,0,0,0,
1358002200,38.882669,-76.9914251,0,0,0,0,0,0,0,0,
1358005800,38.8797148398615,-76.98724466486681,0,0,0,0,0,0,0,0,
1358001000,38.9051564680851,-77.005780,0,0,1,0,0,0,0,0,
1358007600,38.886727,-76.98809865049020,1,0,0,0,0,0,0,0,
1358007840,38.8694736,-76.96775610,0,0,0,1,0,0,0,0,
1358008260,38.876951,-77.0039421,0,0,0,0,0,0,0,0,
1358010180,38.934546,-77.0388040,1,0,0,0,0,0,0,0,
1358010000,38.8872951,-77.00180061,0,0,0,0,0,0,0,0,
1358001060,38.860918,-77.0003080,0,1,0,0,0,0,0,0,
1358007180,38.899036,-77.0021441,0,0,0,0,0,0,0,0,
1358010000,38.914085,-77.01817790,0,1,0,0,0,0,0,0,
1358010000,38.8765523,-77.01064851,0,0,0,0,0,0,0,0,
1358010240,38.925409,-77.0324651,0,0,0,0,0,0,0,0,
1358009280,38.93956605,-77.02992560150320,1,0,0,0,0,0,0,0,
1358013540,38.874209,-76.9749091,0,0,0,0,0,0,0,0,
1358012400,38.902635,-76.9927470,0,0,1,0,0,0,0,0,
1357971480,38.8300723,-76.99628770,1,0,0,0,0,0,0,0,
1357971480,38.88667835,-76.94795818436350,1,0,0,0,0,0,0,0,
1357974000,38.901949,-76.94555890,0,0,0,1,0,0,0,0,
1357971960,38.9221192,-77.04353970,1,0,0,0,0,0,0,0,
1357975200,38.892664,-77.01217140,1,0,0,0,0,0,0,0,
1357976820,38.8983105,-77.01977761,0,0,0,0,0,0,0,0,
1357975140,38.935388,-76.99121590,0,0,0,1,0,0,0,0,
1357978560,38.9053621,-77.06301161,0,0,0,0,0,0,0,0,
1357976940,38.9427366,-77.03454402523960,0,0,1,0,0,0,0,0,
1357975380,38.925142,-77.0502910,0,0,0,1,0,0,0,0,
1357973160,38.8997323,-76.94259781,0,0,0,0,0,0,0,0,
1357977600,38.902645,-77.0271451,0,0,0,0,0,0,0,0,
1357978680,38.901406,-76.9935970,1,0,0,0,0,0,0,0,
1357978920,38.863685,-76.97902390,0,1,0,0,0,0,0,0,
1357978320,38.9050253,-77.07015821,0,0,0,0,0,0,0,0,
1357981320,38.9085745,-77.02977980,1,0,0,0,0,0,0,0,
1357983840,38.9005216,-76.94361860,0,1,0,0,0,0,0,0,
1357984260,38.8825678,-76.98993769841921,0,0,0,0,0,0,0,0,
1357990500,38.9246569,-76.99268244994550,0,1,0,0,0,0,0,0,
1357992180,38.9050143,-77.06302341,0,0,0,0,0,0,0,0,
1357990320,38.898233,-77.0282361,0,0,0,0,0,0,0,0,
1357990800,38.9154343,-77.03486530,1,0,0,0,0,0,0,0,
1357992060,38.9040822,-77.06298151,0,0,0,0,0,0,0,0,
1357993620,38.899969,-77.0168021,0,0,0,0,0,0,0,0,
1357998300,38.955065,-77.06212090,1,0,0,0,0,0,0,0,
1357993800,38.9349300451186,-77.05402675322020,1,0,0,0,0,0,0,0,
1357995540,38.847929,-77.0054130,0,0,1,0,0,0,0,0,
1357995960,38.899969,-77.0168021,0,0,0,0,0,0,0,0,
1357996620,38.847929,-77.0054130,0,0,0,1,0,0,0,0,
1357999140,38.8418601,-77.00115670,0,0,0,0,1,0,0,0,
1358056800,38.911045,-77.0307380,1,0,0,0,0,0,0,0,
1358008200,38.9142758,-77.02413690,1,0,0,0,0,0,0,0,
1358002380,38.8975596,-76.97137440,0,0,0,1,0,0,0,0,
1358007240,38.926089,-77.0417210,0,1,0,0,0,0,0,0,
1358005200,38.9309245238095,-77.0233950476191,0,0,0,0,0,0,0,0,
1358005020,38.9020697,-76.98238751,0,0,0,0,0,0,0,0,
1358005860,38.920886,-77.0271410,0,0,0,1,0,0,0,0,
1358098020,38.8994059,-76.97099981,0,0,0,0,0,0,0,0,
1358096400,38.9381198,-77.02457870,0,0,0,1,0,0,0,0,
1358058600,38.9059421,-77.04205451,0,0,0,0,0,0,0,0,
1358059680,38.8572122,-76.96972160,0,1,0,0,0,0,0,0,
1358056800,38.917003,-77.03847721,0,0,0,0,0,0,0,0,
1358059560,38.9333747,-77.03295890,0,1,0,0,0,0,0,0,
1358065980,38.916203,-77.0297820,1,0,0,0,0,0,0,0,
1358068500,38.934081,-77.0241150,1,0,0,0,0,0,0,0,
1358065440,38.907191,-77.0089810,0,1,0,0,0,0,0,0,
1358066460,38.9064,-77.00940,0,1,0,0,0,0,0,0,
1358066520,38.924673,-77.029870,0,0,1,0,0,0,0,0,
1358069520,38.938799,-77.029810,0,1,0,0,0,0,0,0,
1358066640,38.906153,-77.0122790,0,1,0,0,0,0,0,0,
1358072580,38.925575,-76.9902610,0,0,0,0,1,0,0,0,
1358072580,38.927448,-77.032670,0,0,1,0,0,0,0,0,
1358078400,38.882121,-76.9901480,0,0,1,0,0,0,0,0,
1358086440,38.891917,-76.96022690,0,1,0,0,0,0,0,0,
1358082180,38.9014669,-77.05031811,0,0,0,0,0,0,0,0,
1358084700,38.92967185,-77.02655211729540,1,0,0,0,0,0,0,0,
1358086260,38.930963,-77.0236670,1,0,0,0,0,0,0,0,
1358088000,38.920734,-77.0456910,0,0,0,1,0,0,0,0,
1358088360,38.905745,-76.9763190,0,0,0,1,0,0,0,0,
1358089560,38.873518,-76.9703411,0,0,0,0,0,0,0,0,
1358089980,38.907191,-77.0089810,1,0,0,0,0,0,0,0,
1358091240,38.8498476,-77.00513427068650,1,0,0,0,0,0,0,0,
1358091600,38.9243276,-77.04050640,0,0,1,0,0,0,0,0,
1358091720,38.91041185,-77.01547395114610,1,0,0,0,0,0,0,0,
1358092200,38.89965865,-76.9898142328910,1,0,0,0,0,0,0,0,
1358097420,38.8855042,-76.98812540087490,0,0,0,1,0,0,0,0,
1358097600,38.8851558,-76.98346855391591,0,0,0,0,0,0,0,0,
1358057100,38.9381198,-77.02457871,0,0,0,0,0,0,0,0,
1358056800,38.8286407,-76.99499931,0,0,0,0,0,0,0,0,
1358099460,38.893498,-76.9808690,1,0,0,0,0,0,0,0,
1358099940,38.891134,-76.98913091,0,0,0,0,0,0,0,0,
1358057700,38.8624945,-76.97243970,0,1,0,0,0,0,0,0,
1358058240,38.9182589,-77.03225421,0,0,0,0,0,0,0,0,
1358058240,38.9078485,-77.06928722629820,0,0,1,0,0,0,0,0,
1358060400,38.8766318,-76.96158234232160,1,0,0,0,0,0,0,0,
1358063100,38.939741,-77.02751291,0,0,0,0,0,0,0,0,
1358065320,38.93471035,-77.029992350,0,1,0,0,0,0,0,0,
1358067600,38.840523,-76.99068623465310,0,1,0,0,0,0,0,0,
1358063220,38.9094711,-77.01539486640470,0,1,0,0,0,0,0,0,
1358063700,38.9378391,-77.02737260,1,0,0,0,0,0,0,0,
1358064000,38.9010679387755,-76.98292363265311,0,0,0,0,0,0,0,0,
1358064720,38.920791,-77.04222771,0,0,0,0,0,0,0,0,
1358067480,38.905742,-77.0412861,0,0,0,0,0,0,0,0,
1358066040,38.912733,-77.0333530,1,0,0,0,0,0,0,0,
1358066640,38.9037543,-77.05407341,0,0,0,0,0,0,0,0,
1358067600,38.87048,-76.97364790,0,1,0,0,0,0,0,0,
1358070060,38.8926027,-76.95206620,0,1,0,0,0,0,0,0,
1358070000,38.8898536,-76.95308951,0,0,0,0,0,0,0,0,
1358074920,38.910224,-76.9848040,0,1,0,0,0,0,0,0,
1358074620,38.8904737,-76.95298040,1,0,0,0,0,0,0,0,
1358075700,38.883158,-77.0153471,0,0,0,0,0,0,0,0,
1358077560,38.8979857,-77.04511235986941,0,0,0,0,0,0,0,0,
1358078100,38.9140684,-77.00909310,1,0,0,0,0,0,0,0,
1358077200,38.899933,-77.0240710,1,0,0,0,0,0,0,0,
1358079060,38.944163,-77.0173870,0,1,0,0,0,0,0,0,
1358078400,38.937769,-77.0232240,0,0,1,0,0,0,0,0,
1358083680,38.92705475,-76.98428078468740,0,1,0,0,0,0,0,0,
1358085480,38.916963,-77.0090650,0,1,0,0,0,0,0,0,
1358087280,38.92161235,-76.9792402275610,0,0,0,1,0,0,0,0,
1358091420,38.9005106,-76.98550390,1,0,0,0,0,0,0,0,
1358090220,38.898995,-77.001881,0,0,0,0,0,0,0,0,
1358091660,38.8894239,-76.93840440,0,0,0,0,1,0,0,0,
1358183160,38.9064,-77.00940,1,0,0,0,0,0,0,0,
1358093640,38.901261,-77.0367041,0,0,0,0,0,0,0,0,
1358184600,38.901949,-76.94555890,0,1,0,0,0,0,0,0,
1358093460,38.888661,-76.9559670,0,0,1,0,0,0,0,0,
1358183700,38.9285639,-77.03398830,0,1,0,0,0,0,0,0,
1358185560,38.933569,-77.07396390,1,0,0,0,0,0,0,0,
1358185920,38.888784,-76.95607290,0,1,0,0,0,0,0,0,
1358151480,38.936388,-77.0328360,0,1,0,0,0,0,0,0,
1358152740,38.87281,-76.9663170,1,0,0,0,0,0,0,0,
1358158080,38.9214438,-77.00374630032130,0,0,1,0,0,0,0,0,
1358162880,38.9289784,-77.032911,0,0,0,0,0,0,0,0,
1358167020,38.9480821,-77.03314790,1,0,0,0,0,0,0,0,
1358165160,38.8897298,-76.95672910,0,0,1,0,0,0,0,0,
1358166540,38.87474,-76.9724370,1,0,0,0,0,0,0,0,
1358167320,38.878251,-76.9630090,1,0,0,0,0,0,0,0,
1358160900,38.931816,-76.99950210,0,0,1,0,0,0,0,0,
1358165100,38.857109,-76.9821160,1,0,0,0,0,0,0,0,
1358184600,38.92400815,-77.02581752104660,1,0,0,0,0,0,0,0,
1358170260,38.8847176,-76.95699950,1,0,0,0,0,0,0,0,
1358168400,38.927646,-76.99354682945960,0,0,1,0,0,0,0,0,
1358173320,38.892664,-77.01217140,1,0,0,0,0,0,0,0,
1358175600,38.9018262,-77.03363430,1,0,0,0,0,0,0,0,
1358168580,38.905767,-77.0006781,0,0,0,0,0,0,0,0,
1358174880,38.9054891,-77.0451321,0,0,0,0,0,0,0,0,
1358173980,38.925067,-77.0228090,1,0,0,0,0,0,0,0,
1358180760,38.9085014,-77.03227560,1,0,0,0,0,0,0,0,
1358176500,38.91951695,-77.02996509992280,0,0,0,1,0,0,0,0,
1358179620,38.904595,-76.94591490,1,0,0,0,0,0,0,0,
1358177160,38.87777,-77.0197870,1,0,0,0,0,0,0,0,
1358177820,38.885144,-77.0033570,1,0,0,0,0,0,0,0,
1358179560,38.8694736,-76.96775610,1,0,0,0,0,0,0,0,
1358175660,38.8832141,-77.00839180,0,0,1,0,0,0,0,0,
1358182380,38.916409,-77.0143290,0,0,0,1,0,0,0,0,
1358181420,38.901256,-77.0396031,0,0,0,0,0,0,0,0,
1358182800,38.8825678,-76.98993769841921,0,0,0,0,0,0,0,0,
1358182980,38.887262,-76.9960890,1,0,0,0,0,0,0,0,
1358182800,38.9022256,-77.03977721,0,0,0,0,0,0,0,0,
1358175600,38.884726,-77.025951,0,0,0,0,0,0,0,0,
1358182800,38.8933939,-76.95077250,0,1,0,0,0,0,0,0,
1358184540,38.89049,-76.9916360,1,0,0,0,0,0,0,0,
1358185020,38.890498,-76.9903460,1,0,0,0,0,0,0,0,
1358184900,38.9137731,-77.06950381,0,0,0,0,0,0,0,0,
1358143680,38.88521175,-76.9861408494660,1,0,0,0,0,0,0,0,
1358143740,38.929532,-76.9962811,0,0,0,0,0,0,0,0,
1358143200,38.949615,-77.0365251,0,0,0,0,0,0,0,0,
1358143200,38.8897298,-76.95672911,0,0,0,0,0,0,0,0,
1358143680,38.89116245,-77.00180059596030,1,0,0,0,0,0,0,0,
1358147400,38.885919,-76.9960760,1,0,0,0,0,0,0,0,
1358146680,38.913473,-77.0318470,1,0,0,0,0,0,0,0,
1358146800,38.9203061,-77.07113613764431,0,0,0,0,0,0,0,0,
1358151780,38.9076104,-77.04264661,0,0,0,0,0,0,0,0,
1358153700,38.8825678,-76.98993769841921,0,0,0,0,0,0,0,0,
1358155800,38.9059421,-77.04205451,0,0,0,0,0,0,0,0,
1358154780,38.888548,-76.9771530,0,1,0,0,0,0,0,0,
1358155440,38.91468035,-77.06740364812351,0,0,0,0,0,0,0,0,
1358155740,38.9354659006952,-77.03717650710160,0,0,1,0,0,0,0,0,
1358157600,38.898231,-77.0297781,0,0,0,0,0,0,0,0,
1358157060,38.92924475,-77.01973483249090,0,1,0,0,0,0,0,0,
1358156520,38.896054,-77.032141,0,0,0,0,0,0,0,0,
1358159640,38.8805122,-77.00350940,0,1,0,0,0,0,0,0,
1358159460,38.90565,-77.01026790,0,0,1,0,0,0,0,0,
1358158500,38.9020951,-76.94429170,1,0,0,0,0,0,0,0,
1358159400,38.931512,-76.9934630,0,0,1,0,0,0,0,0,
1358159760,38.905394,-77.0489131,0,0,0,0,0,0,0,0,
1358164200,38.918712,-76.9921871,0,0,0,0,0,0,0,0,
1358160540,38.899969,-77.0168021,0,0,0,0,0,0,0,0,
1358161200,38.881352,-76.9960240,1,0,0,0,0,0,0,0,
1358161980,38.8897298,-76.95672911,0,0,0,0,0,0,0,0,
1358179200,38.9015007,-76.9946980,0,0,1,0,0,0,0,0,
1358162160,38.9034075,-77.04578481,0,0,0,0,0,0,0,0,
1358161200,38.9127551,-77.04368210,1,0,0,0,0,0,0,0,
1358161980,38.9200931,-77.09699565255310,0,0,1,0,0,0,0,0,
1358174700,38.87979715,-76.99470782460540,0,1,0,0,0,0,0,0,
1358165700,38.927528,-77.08621490,0,1,0,0,0,0,0,0,
1358165820,38.9032302,-76.99428460,0,1,0,0,0,0,0,0,
1358167080,38.9053621,-77.06301161,0,0,0,0,0,0,0,0,
1358168700,38.8959841,-77.02297210,0,1,0,0,0,0,0,0,
1358167140,38.9112701,-77.03479570454550,1,0,0,0,0,0,0,0,
1358172360,38.9510584,-77.01255470,0,1,0,0,0,0,0,0,
1358169000,38.917124,-77.0122580,0,0,0,1,0,0,0,0,
1358170800,38.892339,-76.9962741,0,0,0,0,0,0,0,0,
1358170020,38.88898865,-76.95577550,0,0,1,0,0,0,0,0,
1358171100,38.9142883,-77.0436583744230,0,0,1,0,0,0,0,0,
1358172960,38.898365,-77.0220731,0,0,0,0,0,0,0,0,
1358174700,38.905752,-76.978150,0,0,0,0,1,0,0,0,
1358175300,38.881269,-76.99618091,0,0,0,0,0,0,0,0,
1358175600,38.9022524,-77.02193840,0,0,0,0,0,1,0,0,
1358175300,38.897457,-76.992750,0,1,0,0,0,0,0,0,
1358175600,38.9025233,-77.03948941,0,0,0,0,0,0,0,0,
1358175600,38.9117955,-77.03194921,0,0,0,0,0,0,0,0,
1358177340,38.865452,-76.9873830,0,1,0,0,0,0,0,0,
1358176200,38.8808713,-76.98342862021431,0,0,0,0,0,0,0,0,
1358177400,38.915694,-77.0240731,0,0,0,0,0,0,0,0,
1358178960,38.8994059,-76.97099981,0,0,0,0,0,0,0,0,
1358178240,38.868123,-76.9720830,0,1,0,0,0,0,0,0,
1358269200,38.871527,-76.97318681,0,0,0,0,0,0,0,0,
1358270280,38.9070961938081,-76.98973865696590,0,0,1,0,0,0,0,0,
1358272260,38.91024,-77.0012530,0,0,1,0,0,0,0,0,
1358235900,38.9374101,-77.02545664767560,1,0,0,0,0,0,0,0,
1358236140,38.9096778,-76.98702841838070,0,0,0,0,1,0,0,0,
1358247120,38.896275,-76.9938580,1,0,0,0,0,0,0,0,
1358250360,38.888784,-76.95607290,1,0,0,0,0,0,0,0,
1358253840,38.92275,-76.99220194765470,1,0,0,0,0,0,0,0,
1358253900,38.865588,-76.99000620,1,0,0,0,0,0,0,0,
1358258400,38.902597,-77.0034110,1,0,0,0,0,0,0,0,
1358257080,38.87310675,-76.97717321287060,1,0,0,0,0,0,0,0,
1358254800,38.8551637,-76.98008010,0,0,0,1,0,0,0,0,
1358255400,38.908397,-76.9861170,0,0,0,0,1,0,0,0,
1358256240,38.8592738202804,-76.97223695489010,0,0,0,1,0,0,0,0,
1358259000,38.9251475034432,-77.00809494457560,1,0,0,0,0,0,0,0,
1358261220,38.865375,-76.9581370,1,0,0,0,0,0,0,0,
1358261880,38.87191735,-76.97431346396320,0,1,0,0,0,0,0,0,
1358264340,38.918231,-76.9996251,0,0,0,0,0,0,0,0,
1358258340,38.8302778,-76.998290850,0,0,0,1,0,0,0,0,
1358263200,38.8947964,-77.02193280,0,0,0,0,1,0,0,0,
1358259660,38.916986,-77.04281790,0,0,0,1,0,0,0,0,
1358268420,38.8698929,-76.96019560,1,0,0,0,0,0,0,0,
1358269200,38.874515,-77.0105420,1,0,0,0,0,0,0,0,
1358269200,38.9321701,-77.08651909390331,0,0,0,0,0,0,0,0,
1358270760,38.9095121,-77.03478210,1,0,0,0,0,0,0,0,
1358270460,38.899934,-77.0200150,1,0,0,0,0,0,0,0,
1358231400,38.904291,-77.0220191,0,0,0,0,0,0,0,0,
1358233200,38.9373122,-77.03294160,0,1,0,0,0,0,0,0,
1358230440,38.847433,-76.9790310,1,0,0,0,0,0,0,0,
1358232000,38.8969623,-77.00799261,0,0,0,0,0,0,0,0,
1358231580,38.8855042,-76.98812540087490,0,0,1,0,0,0,0,0,
1358272260,38.9043269,-76.97445969890780,0,1,0,0,0,0,0,0,
1358232120,38.908493,-77.0282440,1,0,0,0,0,0,0,0,
1358235060,38.881143,-76.9901410,0,0,1,0,0,0,0,0,
1358234160,38.9072501,-77.02396890,1,0,0,0,0,0,0,0,
1358233380,38.93559685,-76.99346001760490,0,0,0,1,0,0,0,0,
1358234220,38.9034158702893,-76.97286541184410,1,0,0,0,0,0,0,0,
1358236440,38.9041199,-77.02702591,0,0,0,0,0,0,0,0,
1358235000,38.8898536,-76.95308950,0,0,1,0,0,0,0,0,
1358251200,38.92751465,-76.97817802507990,1,0,0,0,0,0,0,0,
1358233020,38.9361729,-76.98987591,0,0,0,0,0,0,0,0,
1358240400,38.855636,-76.9948580,0,0,0,1,0,0,0,0,
1358242200,38.885232,-76.9882090,0,0,1,0,0,0,0,0,
1358233860,38.922448,-76.9740150,1,0,0,0,0,0,0,0,
1358239140,38.8959841,-77.02297210,0,0,0,1,0,0,0,0,
1358242020,38.927837,-77.0274060,0,1,0,0,0,0,0,0,
1358237340,38.843886,-76.99230,0,1,0,0,0,0,0,0,
1358243040,38.9444336,-77.06432431,0,0,0,0,0,0,0,0,
1358244240,38.915667,-76.9938790,0,1,0,0,0,0,0,0,
1358244000,38.933032,-77.0277170,1,0,0,0,0,0,0,0,
1358247900,38.9190079,-77.03250161,0,0,0,0,0,0,0,0,
1358249100,38.892094,-76.9913771,0,0,0,0,0,0,0,0,
1358247840,38.873518,-76.9703410,1,0,0,0,0,0,0,0,
1358248320,38.9050253,-77.07015821,0,0,0,0,0,0,0,0,
1358248560,38.894969,-76.99170598845460,0,0,1,0,0,0,0,0,
1358247960,38.898233,-77.0282361,0,0,0,0,0,0,0,0,
1358247600,38.8998443,-77.01363750,0,0,1,0,0,0,0,0,
1358250960,38.944119,-77.0328320,1,0,0,0,0,0,0,0,
1358253900,38.892149,-76.9883151,0,0,0,0,0,0,0,0,
1358252040,38.909568,-77.0321120,0,1,0,0,0,0,0,0,
1358251620,38.911785,-77.0321060,0,1,0,0,0,0,0,0,
1358255400,38.937521,-77.0298630,0,1,0,0,0,0,0,0,
1358251500,38.9025635,-77.05292350,1,0,0,0,0,0,0,0,
1358253960,38.82945455,-77.00226100280451,0,0,0,0,0,0,0,0,
1358256240,38.905022,-77.05958541,0,0,0,0,0,0,0,0,
1358256060,38.902648,-77.0395481,0,0,0,0,0,0,0,0,
1358255100,38.9025948,-76.99495890,0,1,0,0,0,0,0,0,
1358255100,38.9464218,-76.99470090562980,0,1,0,0,0,0,0,0,
1358262360,38.9156178,-77.01866670,0,1,0,0,0,0,0,0,
1358261820,38.9181126,-77.02467950,0,1,0,0,0,0,0,0,
1358263020,38.94612,-77.0237040,0,1,0,0,0,0,0,0,
1358262000,38.9495769,-77.02562800940890,0,0,1,0,0,0,0,0,
1358261220,38.8995212,-77.0191060,0,0,0,0,1,0,0,0,
1358356560,38.856497,-76.97488350,0,0,0,0,1,0,0,0,
1358358240,38.844586,-77.0018620,0,0,1,0,0,0,0,0,
1358263260,38.93759355,-77.0722009962440,1,0,0,0,0,0,0,0,
1358328540,38.9509535,-77.02997299213730,0,0,1,0,0,0,0,0,
1358341020,38.89430715,-76.9880763176960,1,0,0,0,0,0,0,0,
1358339640,38.888784,-76.95607290,1,0,0,0,0,0,0,0,
1358341980,38.9574,-77.02980,1,0,0,0,0,0,0,0,
1358342940,38.832222,-76.9873310,1,0,0,0,0,0,0,0,
1358341260,38.9155717,-77.03260330,1,0,0,0,0,0,0,0,
1358341560,38.898452,-77.0515360,1,0,0,0,0,0,0,0,
1358346420,38.9381198,-77.02457870,1,0,0,0,0,0,0,0,
1358346180,38.901949,-76.94555890,0,0,0,1,0,0,0,0,
1358352000,38.834859,-76.9839480,0,0,0,0,1,0,0,0,
1358350140,38.8744616,-77.0177981,0,0,0,0,0,0,0,0,
1358348400,38.882923,-76.9881511,0,0,0,0,0,0,0,0,
1358348400,38.9025305,-77.02599321,0,0,0,0,0,0,0,0,
1358351040,38.9069957,-77.03600510,1,0,0,0,0,0,0,0,
1358351640,38.864521,-76.99911190,0,0,0,1,0,0,0,0,
1358354460,38.9391131,-77.03644310,1,0,0,0,0,0,0,0,
1358352000,38.862736,-76.9920590,0,1,0,0,0,0,0,0,
1358353380,38.8859248,-77.02110871,0,0,0,0,0,0,0,0,
1358357580,38.896249,-77.00184350,1,0,0,0,0,0,0,0,
1358357880,38.93259665,-76.99234977252151,0,0,0,0,0,0,0,0,
1358355600,38.892081,-76.9600611,0,0,0,0,0,0,0,0,
1358355780,38.881269,-76.99618090,0,0,0,1,0,0,0,0,
1358316000,38.855247,-76.9820851,0,0,0,0,0,0,0,0,
1358317200,38.9147906,-77.0462931,0,0,0,0,0,0,0,0,
1358358420,38.903656,-77.0366961,0,0,0,0,0,0,0,0,
1358316000,38.898229,-76.95065891,0,0,0,0,0,0,0,0,
1358316000,38.878459,-76.9629581,0,0,0,0,0,0,0,0,
1358316660,38.860465,-77.0015131,0,0,0,0,0,0,0,0,
1358316960,38.9374101,-77.02545664767561,0,0,0,0,0,0,0,0,
1358319600,38.89861215,-76.9423622248010,0,1,0,0,0,0,0,0,
1358320500,38.942963,-77.0218281,0,0,0,0,0,0,0,0,
1358323200,38.8986346,-77.03992531,0,0,0,0,0,0,0,0,
1358320260,38.881313,-77.0123570,0,0,1,0,0,0,0,0,
1358326800,38.882596,-76.9936550,1,0,0,0,0,0,0,0,
1358343000,38.9010679387755,-76.98292363265311,0,0,0,0,0,0,0,0,
1358324100,38.9092901,-76.9774140,0,0,1,0,0,0,0,0,
1358333100,38.90746895,-77.03002071139740,1,0,0,0,0,0,0,0,
1358335800,38.882924,-76.9900891,0,0,0,0,0,0,0,0,
1358332860,38.9248106,-77.02287330,1,0,0,0,0,0,0,0,
1358071320,38.908695,-77.0220181,0,0,0,0,0,0,0,0,
1358333760,38.899936,-77.022021,0,0,0,0,0,0,0,0,
1358333220,38.887616,-76.95298290,0,0,1,0,0,0,0,0,
1358334180,38.924503,-76.97899690,1,0,0,0,0,0,0,0,
1358337600,38.862123,-76.97136360,1,0,0,0,0,0,0,0,
1358332080,38.8727593,-77.0142976371280,0,1,0,0,0,0,0,0,
1358336820,38.89528,-76.9491830,1,0,0,0,0,0,0,0,
1358335800,38.883978,-76.9854151,0,0,0,0,0,0,0,0,
1358338500,38.883978,-76.9854151,0,0,0,0,0,0,0,0,
1358337600,38.898229,-76.95065891,0,0,0,0,0,0,0,0,
1358339100,38.8994059,-76.97099981,0,0,0,0,0,0,0,0,
1358342100,38.9325544,-77.03684740,1,0,0,0,0,0,0,0,
1358344260,38.897215,-77.0096930,0,1,0,0,0,0,0,0,
1358340060,38.839467,-76.9964430,0,0,0,1,0,0,0,0,
1358346300,38.864828,-77.00173090,0,0,1,0,0,0,0,0,
1358347680,38.928513,-77.0566280,1,0,0,0,0,0,0,0,
1358442960,38.84130525,-76.99177714481490,0,0,1,0,0,0,0,0,
1358442600,38.8877926,-76.9557762250,0,0,1,0,0,0,0,0,
1358404200,38.912729,-77.0122630,0,0,1,0,0,0,0,0,
1358404080,38.840513,-76.98988990,0,0,1,0,0,0,0,0,
1358406900,38.9156178,-77.01866670,1,0,0,0,0,0,0,0,
1358353680,38.922605,-76.9925290,0,0,0,0,0,1,0,0,
1358424000,38.936769,-77.0776571,0,0,0,0,0,0,0,0,
1358425140,38.923279,-77.0391080,1,0,0,0,0,0,0,0,
1358427960,38.908649,-77.0093450,0,0,1,0,0,0,0,0,
1358428200,38.8672716,-76.98681851,0,0,0,0,0,0,0,0,
1358430180,38.901949,-76.94555891,0,0,0,0,0,0,0,0,
1358436600,38.881352,-76.9960240,1,0,0,0,0,0,0,0,
1358432940,38.9117955,-77.03194920,1,0,0,0,0,0,0,0,
1358435160,38.881269,-76.99618090,0,0,0,0,1,0,0,0,
1358436300,38.8910998,-76.99820047692310,0,0,1,0,0,0,0,0,
1358433600,38.8976051,-76.9912974259150,1,0,0,0,0,0,0,0,
1358436600,38.90039265,-76.98806167863371,0,0,0,0,0,0,0,0,
1358434800,38.931696,-77.0283631,0,0,0,0,0,0,0,0,
1358438400,38.897144,-76.99277660,1,0,0,0,0,0,0,0,
1358439000,38.9381198,-77.02457871,0,0,0,0,0,0,0,0,
1358436240,38.870827,-76.9788520,1,0,0,0,0,0,0,0,
1358440440,38.862603,-76.9888070,1,0,0,0,0,0,0,0,
1358442060,38.94214,-77.03002081,0,0,0,0,0,0,0,0,
1358441520,38.879882,-76.98328351729511,0,0,0,0,0,0,0,0,
1358403060,38.927448,-77.032670,0,1,0,0,0,0,0,0,
1358440860,38.9168527,-77.02616981,0,0,0,0,0,0,0,0,
1358444640,38.9134489,-77.04314367717390,1,0,0,0,0,0,0,0,
1358443980,38.927657,-77.0326320,0,1,0,0,0,0,0,0,
1358444460,38.9418187,-77.02204730,0,0,0,1,0,0,0,0,
1358405700,38.9010679387755,-76.98292363265311,0,0,0,0,0,0,0,0,
1358405460,38.9050253,-77.07015821,0,0,0,0,0,0,0,0,
1358407080,38.89347255,-76.98246693922761,0,0,0,0,0,0,0,0,
1358412420,38.9233414693878,-76.98979942857140,1,0,0,0,0,0,0,0,
1358406240,38.8881192,-76.9510940,0,0,1,0,0,0,0,0,
1358408400,38.8949662,-76.97604288406330,0,0,1,0,0,0,0,0,
1358415000,38.8812842,-77.01755880,1,0,0,0,0,0,0,0,
1358415900,38.90039265,-76.98806167863371,0,0,0,0,0,0,0,0,
1358416800,38.90006785,-77.04948645400171,0,0,0,0,0,0,0,0,
1358414640,38.9275011808093,-76.99671264693240,0,0,1,0,0,0,0,0,
1358407380,38.9020951,-76.94429170,0,0,0,0,1,0,0,0,
1358419140,38.92625075,-77.05663529425771,0,0,0,0,0,0,0,0,
1358417700,38.911039,-77.0190811,0,0,0,0,0,0,0,0,
1358417580,38.835201,-77.0027670,0,1,0,0,0,0,0,0,
1358422800,38.8551637,-76.98008010,0,0,1,0,0,0,0,0,
1358423640,38.9201364,-76.98240425035581,0,0,0,0,0,0,0,0,
1358419800,38.8682392,-76.97900840,0,0,1,0,0,0,0,0,
1358423640,38.897456,-76.9962751,0,0,0,0,0,0,0,0,
1358424000,38.831765,-76.99165890,0,1,0,0,0,0,0,0,
1358426220,38.911942,-77.0090541,0,0,0,0,0,0,0,0,
1358426820,38.901327,-77.00203590,1,0,0,0,0,0,0,0,
1358423760,38.898233,-77.0282361,0,0,0,0,0,0,0,0,
1358424240,38.91098545,-77.02989013562090,0,1,0,0,0,0,0,0,
1358426700,38.937963,-76.9936160,1,0,0,0,0,0,0,0,
1358425560,38.902519,-77.01617590,0,1,0,0,0,0,0,0,
1358423820,38.916469578491,-77.07054746301471,0,0,0,0,0,0,0,0,
1358428200,38.8276386,-77.00903890,0,0,0,0,1,0,0,0,
1358428800,38.92776,-77.0298120,1,0,0,0,0,0,0,0,
1358427900,38.9037543,-77.05407340,0,1,0,0,0,0,0,0,
1358427120,38.897457,-76.9884110,0,1,0,0,0,0,0,0,
1358429400,38.9044813,-76.97880445369390,0,0,1,0,0,0,0,0,
1358431200,38.8825678,-76.98993769841921,0,0,0,0,0,0,0,0,
1358430720,38.879162,-77.0197881,0,0,0,0,0,0,0,0,
1358433000,38.851643,-76.97521790,0,0,1,0,0,0,0,0,
1358432040,38.865608,-76.9832620,0,0,0,0,1,0,0,0,
1358433480,38.9382,-77.03350,0,0,0,1,0,0,0,0,
1358438400,38.8717662,-77.013460,0,0,0,1,0,0,0,0,
1358433120,38.926541,-77.023020,0,0,0,0,1,0,0,0,
1358436840,38.8986274,-77.02218850,0,1,0,0,0,0,0,0,
1358436960,38.9246569,-76.99268244994550,0,1,0,0,0,0,0,0,
1359738000,38.903198,-76.9761240,0,0,0,0,0,0,1,0,
1358529720,38.841643,-76.98823953904760,0,0,1,0,0,0,0,0,
1358489400,38.9252724,-76.98303130,0,0,1,0,0,0,0,0,
1358495340,38.9347173571429,-77.0328380,0,0,0,0,1,0,0,0,
1358505960,38.886043,-76.99686690,1,0,0,0,0,0,0,0,
1358505480,38.94842795,-77.0064693573340,1,0,0,0,0,0,0,0,
1358512200,38.888712,-76.9871750,1,0,0,0,0,0,0,0,
1358512200,38.880364,-76.98364890,1,0,0,0,0,0,0,0,
1358517600,38.892091,-76.9834860,0,0,0,1,0,0,0,0,
1358514720,38.9444176,-77.05004620,1,0,0,0,0,0,0,0,
1358516520,38.919577,-77.0418621,0,0,0,0,0,0,0,0,
1358518260,38.906028,-77.00626531,0,0,0,0,0,0,0,0,
1358515260,38.924885,-77.0321490,0,0,1,0,0,0,0,0,
1358515620,38.934544,-77.0415090,1,0,0,0,0,0,0,0,
1358518440,38.90443055,-77.04861474907811,0,0,0,0,0,0,0,0,
1358518620,38.934086,-77.0414460,1,0,0,0,0,0,0,0,
1358508060,38.8993403,-77.02648771,0,0,0,0,0,0,0,0,
1358522580,38.9022302,-77.04208751,0,0,0,0,0,0,0,0,
1358524800,38.9410635,-77.00278260546640,1,0,0,0,0,0,0,0,
1358523720,38.9280256,-76.97898216349290,1,0,0,0,0,0,0,0,
1358527320,38.9391131,-77.03644310,1,0,0,0,0,0,0,0,
1358527500,38.905565,-77.0153990,1,0,0,0,0,0,0,0,
1358527980,38.892664,-77.01217140,1,0,0,0,0,0,0,0,
1358526360,38.9388746,-77.02517272303160,1,0,0,0,0,0,0,0,
1358528100,38.86236375,-76.98558069525820,0,0,1,0,0,0,0,0,
1358492400,38.92244985,-76.99367101849611,0,0,0,0,0,0,0,0,
1358530680,38.917387,-76.99360,0,0,1,0,0,0,0,0,
1358608800,38.9183042,-77.02738860,1,0,0,0,0,0,0,0,
1358492400,38.903863,-77.0366431,0,0,0,0,0,0,0,0,
1358493300,38.905394,-77.0489131,0,0,0,0,0,0,0,0,
1358491380,38.8572122,-76.96972161,0,0,0,0,0,0,0,0,
1358492160,38.933773,-77.0310270,0,1,0,0,0,0,0,0,
1358496900,38.882808,-76.9982910,0,0,1,0,0,0,0,0,
1358530860,38.86778445,-76.9737979528640,0,0,1,0,0,0,0,0,
1358496300,38.9237350634582,-77.04124104213631,0,0,0,0,0,0,0,0,
1358498280,38.88797895,-77.07583584778590,1,0,0,0,0,0,0,0,
1358500500,38.899969,-77.0168021,0,0,0,0,0,0,0,0,
1358501400,38.903117,-77.0497161,0,0,0,0,0,0,0,0,
1358503380,38.91803,-77.0282421,0,0,0,0,0,0,0,0,
1358502600,38.906973,-77.06329711,0,0,0,0,0,0,0,0,
1358502960,38.9563655,-77.08386211,0,0,0,0,0,0,0,0,
1358505000,38.86931,-76.982007650,0,0,0,1,0,0,0,0,
1358506200,38.9157084,-77.02632271,0,0,0,0,0,0,0,0,
1358514000,38.900114,-76.9853460,0,1,0,0,0,0,0,0,
1358510700,38.9313238,-77.0106980,0,1,0,0,0,0,0,0,
1358508000,38.878486,-77.0018840,0,0,0,1,0,0,0,0,
1358507820,38.879162,-77.0197880,0,1,0,0,0,0,0,0,
1358506320,38.9594167,-77.08561721,0,0,0,0,0,0,0,0,
1358508540,38.898441,-77.0320591,0,0,0,0,0,0,0,0,
1358509560,38.892802,-76.947351,0,0,0,0,0,0,0,0,
1358512620,38.919878,-77.0253080,0,0,0,1,0,0,0,0,
1358514000,38.9594167,-77.08561721,0,0,0,0,0,0,0,0,
1358514000,38.9038076,-76.99495950,0,1,0,0,0,0,0,0,
1358512680,38.898126139224,-76.97155163613420,0,1,0,0,0,0,0,0,
1358517600,38.899363,-76.9854150,1,0,0,0,0,0,0,0,
1358513880,38.869352,-76.9688660,1,0,0,0,0,0,0,0,
1358514600,38.92144305,-77.00228702040630,0,1,0,0,0,0,0,0,
1358514060,38.883318,-77.0018790,0,0,1,0,0,0,0,0,
1358515740,38.900327,-76.9996130,0,1,0,0,0,0,0,0,
1358518200,38.898233,-77.0282361,0,0,0,0,0,0,0,0,
1358517600,38.8842813,-76.98346610,1,0,0,0,0,0,0,0,
1358518500,38.94855825,-77.0229406593750,0,1,0,0,0,0,0,0,
1358521200,38.8969623,-77.00799260,0,1,0,0,0,0,0,0,
1358521320,38.901294,-76.9807881,0,0,0,0,0,0,0,0,
1358521920,38.9026243,-77.01892760,1,0,0,0,0,0,0,0,
1358518380,38.888263,-76.98644290,0,0,0,1,0,0,0,0,
1358518980,38.9002011,-76.98180820,0,0,0,0,1,0,0,0,
1358517960,38.9191576,-77.07102765453210,0,0,1,0,0,0,0,0,
1358526300,38.9109846,-77.03876190581661,0,0,0,0,0,0,0,0,
1358521320,38.9383629,-77.06046174761630,0,1,0,0,0,0,0,0,
1358525580,38.934667,-77.02237990,0,1,0,0,0,0,0,0,
1358524440,38.9313238,-77.0106980,0,0,0,0,1,0,0,0,
1358527560,38.878483,-76.9881550,0,1,0,0,0,0,0,0,
1358527620,38.83019785,-76.99298603492890,0,0,1,0,0,0,0,0,
1358618160,38.902637,-77.0021431,0,0,0,0,0,0,0,0,
1358578800,38.9168296,-77.02422171,0,0,0,0,0,0,0,0,
1358580120,38.884208,-77.00694690,0,1,0,0,0,0,0,0,
1358581500,38.914751,-77.0347010,0,1,0,0,0,0,0,0,
1358581500,38.882137,-76.9806520,0,1,0,0,0,0,0,0,
1358582760,38.902519,-77.01617590,1,0,0,0,0,0,0,0,
1358584980,38.9304186,-76.97395149254540,1,0,0,0,0,0,0,0,
1358581380,38.915492,-77.0418160,0,1,0,0,0,0,0,0,
1358583180,38.90489755,-77.00917310,0,1,0,0,0,0,0,0,
1358614800,38.92527235,-77.02292004689250,0,0,0,0,0,0,1,0,
1358584500,38.917444,-77.03240350,0,0,0,0,1,0,0,0,
1358580660,38.914751,-77.0347010,0,1,0,0,0,0,0,0,
1358587200,38.897456,-76.9866140,0,1,0,0,0,0,0,0,
1358590800,38.9127589,-77.04558681,0,0,0,0,0,0,0,0,
1358589600,38.919183,-77.03061790,1,0,0,0,0,0,0,0,
1358593080,38.9167985,-77.03707180,0,0,0,1,0,0,0,0,
1358593200,38.934184,-77.05186190,0,0,0,0,0,1,0,0,
1358601660,38.883738,-76.99497190,1,0,0,0,0,0,0,0,
1358606760,38.9243276,-77.04050641,0,0,0,0,0,0,0,0,
1358606040,38.92255675,-77.00221188171180,0,0,0,1,0,0,0,0,
1358608500,38.88114,-76.9821131,0,0,0,0,0,0,0,0,
1358610060,38.895539,-76.9982880,1,0,0,0,0,0,0,0,
1358608680,38.9127463,-77.01774950,1,0,0,0,0,0,0,0,
1358609400,38.8361658,-76.99082396031720,1,0,0,0,0,0,0,0,
1358607120,38.9233142,-76.98434139289770,1,0,0,0,0,0,0,0,
1358608500,38.921279,-76.99636790,1,0,0,0,0,0,0,0,
1358611380,38.91543325,-77.02996459136780,1,0,0,0,0,0,0,0,
1358057700,38.9268503,-77.02733327530331,0,0,0,0,0,0,0,0,
1358613240,38.91502105,-77.03242124045881,0,0,0,0,0,0,0,0,
1358617800,38.923902,-76.97216490,1,0,0,0,0,0,0,0,
1358605920,38.9173421640827,-76.97956521900390,0,0,1,0,0,0,0,0,
1358613960,38.9050253,-77.07015821,0,0,0,0,0,0,0,0,
1358614500,38.906973,-77.06329711,0,0,0,0,0,0,0,0,
1358616600,38.87048,-76.97364790,1,0,0,0,0,0,0,0,
1358576160,38.926046,-77.0229490,0,0,0,1,0,0,0,0,
1358577240,38.860465,-77.0015130,0,0,0,1,0,0,0,0,
1358577060,38.90039265,-76.98806167863370,1,0,0,0,0,0,0,0,
1358576400,38.916915,-77.0321091,0,0,0,0,0,0,0,0,
1358579280,38.922764,-77.0428211,0,0,0,0,0,0,0,0,
1358579640,38.874323,-76.9720831,0,0,0,0,0,0,0,0,
1358581500,38.9050253,-77.07015821,0,0,0,0,0,0,0,0,
1358577720,38.883738,-76.99497190,0,0,0,0,1,0,0,0,
1358583780,38.883738,-76.99497190,0,1,0,0,0,0,0,0,
1358587800,38.892131,-76.9865760,1,0,0,0,0,0,0,0,
1358584860,38.89939685,-77.03051212530141,0,0,0,0,0,0,0,0,
1358586060,38.92244985,-76.99367101849611,0,0,0,0,0,0,0,0,
1358584080,38.94206845,-77.0415448417010,0,0,1,0,0,0,0,0,
1358585220,38.918488,-77.0178391,0,0,0,0,0,0,0,0,
1358586000,38.9085014,-77.03227561,0,0,0,0,0,0,0,0,
1358586180,38.9054274,-76.9753477078390,0,0,1,0,0,0,0,0,
1358592300,38.927657,-77.0326320,0,0,0,0,1,0,0,0,
1358588700,38.905375,-77.0421921,0,0,0,0,0,0,0,0,
1358589600,38.9594167,-77.08561721,0,0,0,0,0,0,0,0,
1358596800,38.857014,-76.9699640,0,0,0,0,1,0,0,0,
1358586360,38.90039265,-76.98806167863371,0,0,0,0,0,0,0,0,
1358601480,38.87979715,-76.99470782460540,1,0,0,0,0,0,0,0,
1358596800,38.8293731,-76.99429304488580,0,0,0,0,1,0,0,0,
1358600400,38.905742,-77.0412861,0,0,0,0,0,0,0,0,
1358599500,38.8418601,-77.00115670,0,0,1,0,0,0,0,0,
1358601000,38.8856741,-76.99770610,1,0,0,0,0,0,0,0,
1358600520,38.8682392,-76.97900840,0,0,0,0,0,1,0,0,
1358600400,38.9174248,-76.97997160,0,0,0,1,0,0,0,0,
1358604000,38.8729572,-77.01405260,0,1,0,0,0,0,0,0,
1358603160,38.949006,-77.03527491,0,0,0,0,0,0,0,0,
1358603820,38.902644,-77.0190341,0,0,0,0,0,0,0,0,
1358603580,38.916747,-77.0188130,0,0,0,1,0,0,0,0,
1358604720,38.8998443,-77.01363750,0,1,0,0,0,0,0,0,
1358608200,38.934486,-77.0273570,0,1,0,0,0,0,0,0,
1358604660,38.887616,-76.95298290,0,1,0,0,0,0,0,0,
1358607240,38.9175737,-77.02214971,0,0,0,0,0,0,0,0,
1358609400,38.915694,-77.0240730,1,0,0,0,0,0,0,0,
1358606220,38.887469,-76.9948590,0,1,0,0,0,0,0,0,
1358610600,38.923439,-76.97269690,0,1,0,0,0,0,0,0,
1358611020,38.859288,-76.99206790,0,0,0,1,0,0,0,0,
1358701680,38.9025635,-77.05292351,0,0,0,0,0,0,0,0,
1358702040,38.883738,-76.99497190,0,0,0,0,1,0,0,0,
1358661900,38.843576,-76.9941010,0,1,0,0,0,0,0,0,
1358664600,38.935388,-76.99121590,1,0,0,0,0,0,0,0,
1358663100,38.93277715,-77.02423569282260,0,1,0,0,0,0,0,0,
1358666340,38.935388,-76.99121590,1,0,0,0,0,0,0,0,
1358665200,38.9018262,-77.03363430,0,1,0,0,0,0,0,0,
1358667900,38.924503,-76.97899690,1,0,0,0,0,0,0,0,
1358667000,38.903854,-77.0021480,1,0,0,0,0,0,0,0,
1358671500,38.9324328,-77.03017080691770,1,0,0,0,0,0,0,0,
1358668800,38.831055,-76.9927130,0,0,0,0,1,0,0,0,
1358670300,38.912528,-77.0347090,0,1,0,0,0,0,0,0,
1358671380,38.9266758,-76.9762050,1,0,0,0,0,0,0,0,
1358669700,38.9069313333333,-77.00996150,0,1,0,0,0,0,0,0,
1358672220,38.92495055,-77.04111592213090,0,1,0,0,0,0,0,0,
1358674440,38.9085014,-77.03227561,0,0,0,0,0,0,0,0,
1358675520,38.914826,-77.01174690,1,0,0,0,0,0,0,0,
1358673420,38.937686,-77.0190970,0,1,0,0,0,0,0,0,
1358677320,38.9266758,-76.9762050,1,0,0,0,0,0,0,0,
1358677860,38.9076104,-77.04264661,0,0,0,0,0,0,0,0,
1358679240,38.8935446,-76.97800170,1,0,0,0,0,0,0,0,
1358687700,38.9089736,-77.02950680,0,0,0,1,0,0,0,0,
1358681640,38.90110285,-76.98536374737790,0,1,0,0,0,0,0,0,
1358686800,38.9078128,-76.98846928892250,0,1,0,0,0,0,0,0,
1358690400,38.93062485,-77.01853123623890,1,0,0,0,0,0,0,0,
1358693340,38.9080067,-77.04255450,1,0,0,0,0,0,0,0,
1358694600,38.9037315,-77.00437090,1,0,0,0,0,0,0,0,
1358694840,38.906850375,-76.9792196251,0,0,0,0,0,0,0,0,
1358696220,38.886043,-76.99686690,0,0,0,1,0,0,0,0,
1358692440,38.8363094,-76.98195630,0,0,0,0,1,0,0,0,
1358697600,38.8803229,-76.98468150,0,1,0,0,0,0,0,0,
1358698380,38.874476,-76.9728870,1,0,0,0,0,0,0,0,
1358700780,38.917312,-76.9935381,0,0,0,0,0,0,0,0,
1358700180,38.904399,-76.99844290,0,1,0,0,0,0,0,0,
1358698860,38.89679695,-76.99798370068650,1,0,0,0,0,0,0,0,
1358700360,38.876777,-77.00130906289611,0,0,0,0,0,0,0,0,
1358700240,38.902466,-76.9865960,0,1,0,0,0,0,0,0,
1358702100,38.89775345,-76.99001533322580,1,0,0,0,0,0,0,0,
1358700600,38.88616275,-76.9934946250,0,1,0,0,0,0,0,0,
1358661960,38.8947972,-77.02399120,0,0,0,1,0,0,0,0,
1358661600,38.93469055,-77.02870399928731,0,0,0,0,0,0,0,0,
1358661720,38.9143858,-77.0298522250,1,0,0,0,0,0,0,0,
1358704500,38.8680052,-76.97993916680970,0,0,0,1,0,0,0,0,
1358662140,38.90039265,-76.98806167863371,0,0,0,0,0,0,0,0,
1358662080,38.902437,-77.0163351,0,0,0,0,0,0,0,0,
1358704740,38.91138,-76.9849890,0,0,0,1,0,0,0,0,
1358578140,38.92969615,-76.99219045487811,0,0,0,0,0,0,0,0,
1358666040,38.9029331060606,-76.98134900505050,0,0,0,1,0,0,0,0,
1358664900,38.9089471,-77.06399721,0,0,0,0,0,0,0,0,
1358663280,38.9112957,-76.98688560,0,0,0,0,1,0,0,0,
1358665800,38.9050143,-77.06302341,0,0,0,0,0,0,0,0,
1358674680,38.8877926,-76.9557762250,1,0,0,0,0,0,0,0,
1358668020,38.8847176,-76.95699950,0,1,0,0,0,0,0,0,
1358670000,38.8374758,-76.99350750,0,0,0,1,0,0,0,0,
1358670120,38.9040822,-77.06298151,0,0,0,0,0,0,0,0,
1358670120,38.9375500219051,-77.02373520265350,1,0,0,0,0,0,0,0,
1358672520,38.8971375,-77.02434791,0,0,0,0,0,0,0,0,
1358670720,38.88302865,-76.98055602488650,0,0,0,1,0,0,0,0,
1358672640,38.9168439,-77.0272651,0,0,0,0,0,0,0,0,
1358672280,38.920791,-77.04222771,0,0,0,0,0,0,0,0,
1358675820,38.8832141,-77.00839180,0,1,0,0,0,0,0,0,
1358675400,38.843295,-77.0019480,0,0,1,0,0,0,0,0,
1358676900,38.9175737,-77.02214971,0,0,0,0,0,0,0,0,
1358683200,38.84922,-77.00446390,0,1,0,0,0,0,0,0,
1358676360,38.901949,-76.94555891,0,0,0,0,0,0,0,0,
1358678280,38.8969623,-77.00799261,0,0,0,0,0,0,0,0,
1358679600,38.881199,-77.0153521,0,0,0,0,0,0,0,0,
1358684580,38.8758567,-76.96074249036780,0,0,0,1,0,0,0,0,
1358682600,38.94702945,-77.03478937733430,0,0,1,0,0,0,0,0,
1358688060,38.867348,-76.9820670,0,0,0,1,0,0,0,0,
1358685120,38.90638,-77.0466351,0,0,0,0,0,0,0,0,
1358688660,38.8994059,-76.97099981,0,0,0,0,0,0,0,0,
1358691600,38.9228715848674,-76.98853588909271,0,0,0,0,0,0,0,0,
1358692800,38.926898,-77.0205560,0,1,0,0,0,0,0,0,
1358692440,38.9072411,-77.03613570,0,0,0,1,0,0,0,0,
1358690880,38.8734081,-76.96642291,0,0,0,0,0,0,0,0,
1358691060,38.899936,-77.022021,0,0,0,0,0,0,0,0,
1358697240,38.924873,-77.02191490,0,1,0,0,0,0,0,0,
1358695080,38.888337,-77.01755391,0,0,0,0,0,0,0,0,
1358694600,38.8433866,-76.99758320,0,1,0,0,0,0,0,0,
1358694600,38.920658,-77.08200490,1,0,0,0,0,0,0,0,
1358695800,38.878939,-77.01888690,1,0,0,0,0,0,0,0,
1358694300,38.8336922972504,-76.98544676704771,0,0,0,0,0,0,0,0,
1358787960,38.8874521,-76.9935451,0,0,0,0,0,0,0,0,
1358790240,38.854423,-76.986080,0,0,0,0,1,0,0,0,
1358790720,38.925438,-77.0355370,1,0,0,0,0,0,0,0,
1358699280,38.911141,-77.00940190,0,1,0,0,0,0,0,0,
1358748000,38.899936,-77.022021,0,0,0,0,0,0,0,0,
1358749500,38.899936,-77.022021,0,0,0,0,0,0,0,0,
1358789160,38.899936,-77.022021,0,0,0,0,0,0,0,0,
1358748900,38.9391131,-77.03644310,0,0,0,0,1,0,0,0,
1358787720,38.9347173571429,-77.0328380,0,1,0,0,0,0,0,0,
1358790780,38.927046,-77.0390690,0,1,0,0,0,0,0,0,
1358752320,38.8952835,-77.01168171,0,0,0,0,0,0,0,0,
1358757780,38.919543,-76.97401890,0,0,0,1,0,0,0,0,
1358757900,38.9135573,-76.98619909849790,1,0,0,0,0,0,0,0,
1358754420,38.889456,-76.9561730,0,0,1,0,0,0,0,0,
1358756700,38.8959841,-77.02297211,0,0,0,0,0,0,0,0,
1358758800,38.913874,-76.9872750,1,0,0,0,0,0,0,0,
1358761860,38.8866553105066,-76.94869100036090,0,1,0,0,0,0,0,0,
1358772180,38.9140684,-77.00909310,1,0,0,0,0,0,0,0,
1358772240,38.934837,-76.9863290,1,0,0,0,0,0,0,0,
1358774340,38.869352,-76.9688661,0,0,0,0,0,0,0,0,
1358779380,38.830835,-77.0019230,0,0,0,1,0,0,0,0,
1358777460,38.8363094,-76.98195630,0,0,0,1,0,0,0,0,
1358779680,38.8911169991743,-76.9936570229981,0,0,0,0,0,0,0,0,
1358779560,38.8615996,-76.96810281,0,0,0,0,0,0,0,0,
1358782080,38.935388,-76.99121590,1,0,0,0,0,0,0,0,
1358783220,38.918233,-77.0122570,1,0,0,0,0,0,0,0,
1358780100,38.8967535,-76.99246183873241,0,0,0,0,0,0,0,0,
1358782500,38.9198341,-77.04190721,0,0,0,0,0,0,0,0,
1358778900,38.8363094,-76.98195630,0,0,0,1,0,0,0,0,
1358784000,38.906021,-77.0138620,1,0,0,0,0,0,0,0,
1358785800,38.8825678,-76.98993769841921,0,0,0,0,0,0,0,0,
1358784000,38.886043,-76.99686690,0,0,0,0,0,1,0,0,
1358786700,38.911272,-77.0287830,1,0,0,0,0,0,0,0,
1358784900,38.932157,-77.0276080,0,0,0,0,1,0,0,0,
1358787600,38.9085930235848,-76.98804826849470,1,0,0,0,0,0,0,0,
1358789700,38.9018262,-77.03363431,0,0,0,0,0,0,0,0,
1358748420,38.922359,-76.97001690,0,0,0,1,0,0,0,0,
1358790960,38.916203,-77.0297820,1,0,0,0,0,0,0,0,
1358750040,38.901949,-76.94555890,1,0,0,0,0,0,0,0,
1358750580,38.9002586,-77.04456011,0,0,0,0,0,0,0,0,
1358748660,38.9242627,-77.0325512333850,0,0,0,1,0,0,0,0,
1358749860,38.911141,-77.00940190,1,0,0,0,0,0,0,0,
1358752500,38.878098,-77.01064890,1,0,0,0,0,0,0,0,
1358750100,38.8655281,-76.95008745942310,0,0,0,1,0,0,0,0,
1358755200,38.9167716,-77.02994451,0,0,0,0,0,0,0,0,
1358752380,38.922448,-76.9740150,1,0,0,0,0,0,0,0,
1358752020,38.829066,-76.9961450,0,1,0,0,0,0,0,0,
1358755260,38.91475,-77.0366640,1,0,0,0,0,0,0,0,
1358755440,38.87248355,-76.97330741211270,0,0,0,1,0,0,0,0,
1358759700,38.9026243,-77.01892761,0,0,0,0,0,0,0,0,
1358761080,38.930963,-77.0236670,1,0,0,0,0,0,0,0,
1358761080,38.877445,-77.0087890,1,0,0,0,0,0,0,0,
1358762280,38.914826,-77.01174691,0,0,0,0,0,0,0,0,
1358761620,38.920627,-77.0716321,0,0,0,0,0,0,0,0,
1358763180,38.920627,-77.0716321,0,0,0,0,0,0,0,0,
1358762280,38.8950082,-77.0302061,0,0,0,0,0,0,0,0,
1358765700,38.8969623,-77.00799260,1,0,0,0,0,0,0,0,
1358764020,38.9006779,-77.05641321,0,0,0,0,0,0,0,0,
1358765580,38.9147029,-77.04184530,1,0,0,0,0,0,0,0,
1358764860,38.9594167,-77.08561721,0,0,0,0,0,0,0,0,
1358767560,38.93247,-77.020590,1,0,0,0,0,0,0,0,
1358768040,38.8954767,-76.95628490,1,0,0,0,0,0,0,0,
1358771040,38.873018,-76.9688050,0,0,0,1,0,0,0,0,
1358769600,38.9092901,-76.9774140,1,0,0,0,0,0,0,0,
1358769600,38.843391,-76.9952050,1,0,0,0,0,0,0,0,
1358767440,38.896664,-76.98221390,0,0,0,1,0,0,0,0,
1358767800,38.902647,-77.032060,0,0,1,0,0,0,0,0,
1358770140,38.9289784,-77.032911,0,0,0,0,0,0,0,0,
1358767920,38.9050253,-77.07015821,0,0,0,0,0,0,0,0,
1358773800,38.903791,-77.0190290,0,1,0,0,0,0,0,0,
1358769900,38.91179,-77.0347110,0,1,0,0,0,0,0,0,
1358766840,38.90099,-77.0240840,0,1,0,0,0,0,0,0,
1358772960,38.864828,-77.00173091,0,0,0,0,0,0,0,0,
1358771700,38.9053573,-77.06552671,0,0,0,0,0,0,0,0,
1358771880,38.9427211,-77.05960292514680,0,1,0,0,0,0,0,0,
1358770380,38.8898536,-76.95308950,0,1,0,0,0,0,0,0,
1358776620,38.89007245,-76.94429485691410,1,0,0,0,0,0,0,0,
1358775900,38.8825678,-76.98993769841921,0,0,0,0,0,0,0,0,
1358774400,38.9022524,-77.02193840,0,1,0,0,0,0,0,0,
1358775660,38.8698929,-76.96019560,0,1,0,0,0,0,0,0,
1358773560,38.9420926,-77.03410869285710,0,0,1,0,0,0,0,0,
1358780940,38.862485,-76.9817080,0,0,1,0,0,0,0,0,
1358777040,38.89007245,-76.94429485691410,0,1,0,0,0,0,0,0,
1358775780,38.886043,-76.99686690,0,1,0,0,0,0,0,0,
1358780400,38.9018262,-77.03363430,0,0,0,1,0,0,0,0,
1358779500,38.916963,-77.0090651,0,0,0,0,0,0,0,0,
1358779440,38.87048,-76.97364790,0,0,1,0,0,0,0,0,
1358783760,38.883976,-76.9806610,0,1,0,0,0,0,0,0,
1358785800,38.903861,-77.0417890,1,0,0,0,0,0,0,0,
1358785800,38.881332,-76.9882040,0,0,0,0,1,0,0,0,
1358785620,38.946251,-77.0346220,0,0,1,0,0,0,0,0,
1358786580,38.860465,-77.0015130,1,0,0,0,0,0,0,0,
1358785920,38.8952269,-76.94852990615660,1,0,0,0,0,0,0,0,
1358876580,38.9239390092564,-77.05774173458620,1,0,0,0,0,0,0,0,
1358834520,38.9036045,-76.98343932016670,0,0,0,0,1,0,0,0,
1358850480,38.848455,-76.98258790,1,0,0,0,0,0,0,0,
1358853300,38.911783,-77.0297810,0,0,0,0,1,0,0,0,
1358855520,38.8832141,-77.00839180,0,0,0,1,0,0,0,0,
1358853660,38.9035704,-77.061332389790,0,0,1,0,0,0,0,0,
1358851440,38.9245934925242,-76.98459246694860,1,0,0,0,0,0,0,0,
